,Published,ThumbnailUrl,ViewCount,VideoId
0,2021-01-01T10:00:10Z,https://i.ytimg.com/vi/sAkEow8H5lA/default.jpg,351270,sAkEow8H5lA
1,2021-01-02T10:00:05Z,https://i.ytimg.com/vi/_J3J7DwQz-s/default.jpg,157568,_J3J7DwQz-s
2,2021-01-03T10:00:22Z,https://i.ytimg.com/vi/tttr8nRiUL8/default.jpg,3652156,tttr8nRiUL8
3,2021-01-04T10:00:05Z,https://i.ytimg.com/vi/7p7qYhsD8AU/default.jpg,571242,7p7qYhsD8AU
4,2021-01-05T10:00:08Z,https://i.ytimg.com/vi/eT9CStiE0dQ/default.jpg,779031,eT9CStiE0dQ
5,2021-01-06T08:00:10Z,https://i.ytimg.com/vi/qrWSm3fTao4/default.jpg,766801,qrWSm3fTao4
6,2021-01-06T10:00:04Z,https://i.ytimg.com/vi/CPm3lac_oHE/default.jpg,1880865,CPm3lac_oHE
7,2021-01-08T10:00:10Z,https://i.ytimg.com/vi/DWKH9RSPYIQ/default.jpg,1069173,DWKH9RSPYIQ
8,2021-01-10T10:00:05Z,https://i.ytimg.com/vi/GqWcVvb4Ars/default.jpg,3098256,GqWcVvb4Ars
9,2021-01-11T10:00:03Z,https://i.ytimg.com/vi/FJsSnZ2s0DU/default.jpg,256086,FJsSnZ2s0DU
10,2021-01-12T10:00:09Z,https://i.ytimg.com/vi/FYTMvByjhV8/default.jpg,1574216,FYTMvByjhV8
11,2021-01-13T10:14:08Z,https://i.ytimg.com/vi/uUFJyXpjMZY/default.jpg,1406273,uUFJyXpjMZY
12,2021-01-15T10:00:07Z,https://i.ytimg.com/vi/TI5oKhdXSvM/default.jpg,751269,TI5oKhdXSvM
13,2021-01-16T10:00:22Z,https://i.ytimg.com/vi/oaAlNtibvr8/default.jpg,260625,oaAlNtibvr8
14,2021-01-17T10:00:13Z,https://i.ytimg.com/vi/uoOhfBU42wQ/default.jpg,443384,uoOhfBU42wQ
15,2021-01-18T10:00:00Z,https://i.ytimg.com/vi/1Z80m1o2drA/default.jpg,425902,1Z80m1o2drA
16,2021-01-19T11:22:45Z,https://i.ytimg.com/vi/4JLQsRCLpXI/default.jpg,185376,4JLQsRCLpXI
17,2021-01-20T10:00:57Z,https://i.ytimg.com/vi/E6GQHKf6h4A/default.jpg,1788788,E6GQHKf6h4A
18,2021-01-21T10:03:20Z,https://i.ytimg.com/vi/HvGewOLJAxU/default.jpg,444524,HvGewOLJAxU
19,2021-01-22T10:00:05Z,https://i.ytimg.com/vi/EU33XyuftHs/default.jpg,319532,EU33XyuftHs
20,2021-01-23T10:00:29Z,https://i.ytimg.com/vi/gFjmAsTlNu0/default.jpg,683247,gFjmAsTlNu0
21,2021-01-24T10:00:11Z,https://i.ytimg.com/vi/gbOhpHPKobs/default.jpg,878680,gbOhpHPKobs
22,2021-01-25T10:00:52Z,https://i.ytimg.com/vi/vC66L54QBcM/default.jpg,615203,vC66L54QBcM
23,2021-01-26T10:00:05Z,https://i.ytimg.com/vi/G-xZxcgGj3k/default.jpg,590968,G-xZxcgGj3k
24,2021-01-28T10:19:51Z,https://i.ytimg.com/vi/BRIJSYOPN8M/default.jpg,573318,BRIJSYOPN8M
25,2021-01-29T10:00:08Z,https://i.ytimg.com/vi/V-LHFJlxv44/default.jpg,834542,V-LHFJlxv44
26,2021-01-30T10:00:01Z,https://i.ytimg.com/vi/3M7PBqe9nO0/default.jpg,197498,3M7PBqe9nO0
27,2021-01-31T10:00:23Z,https://i.ytimg.com/vi/IfOSBmBCWw0/default.jpg,2706119,IfOSBmBCWw0
28,2021-02-01T10:00:05Z,https://i.ytimg.com/vi/JiL7KMyIzwQ/default.jpg,890963,JiL7KMyIzwQ
29,2021-02-02T10:00:30Z,https://i.ytimg.com/vi/elVu6X0rXXA/default.jpg,1208001,elVu6X0rXXA
30,2021-02-03T10:00:21Z,https://i.ytimg.com/vi/SMQBnfrV07M/default.jpg,636250,SMQBnfrV07M
31,2021-02-04T10:00:10Z,https://i.ytimg.com/vi/GmBThH-qFSQ/default.jpg,1698194,GmBThH-qFSQ
32,2021-02-05T10:00:32Z,https://i.ytimg.com/vi/zjsJ7iTwhZ4/default.jpg,225582,zjsJ7iTwhZ4
33,2021-02-06T10:00:19Z,https://i.ytimg.com/vi/GYmLdpAOodQ/default.jpg,159140,GYmLdpAOodQ
34,2021-02-07T10:00:14Z,https://i.ytimg.com/vi/PvhEXVNG-04/default.jpg,509701,PvhEXVNG-04
35,2021-02-08T10:00:07Z,https://i.ytimg.com/vi/Sf2_OsC4Nes/default.jpg,340333,Sf2_OsC4Nes
36,2021-02-09T10:00:14Z,https://i.ytimg.com/vi/o1QQ2nMeQNY/default.jpg,155316,o1QQ2nMeQNY
37,2021-02-10T12:03:31Z,https://i.ytimg.com/vi/Cih8uzA1190/default.jpg,679053,Cih8uzA1190
38,2021-02-17T10:00:19Z,https://i.ytimg.com/vi/WmNyXidnQ9s/default.jpg,1275553,WmNyXidnQ9s
39,2021-02-18T10:00:38Z,https://i.ytimg.com/vi/qcw8O3T556M/default.jpg,198270,qcw8O3T556M
40,2021-02-19T12:13:24Z,https://i.ytimg.com/vi/11X2qnHCtOY/default.jpg,3225148,11X2qnHCtOY
41,2021-02-20T10:00:07Z,https://i.ytimg.com/vi/8nE819n7uJM/default.jpg,1388989,8nE819n7uJM
42,2021-02-21T10:24:14Z,https://i.ytimg.com/vi/I5DU_pS1Iog/default.jpg,873340,I5DU_pS1Iog
43,2021-02-22T10:00:11Z,https://i.ytimg.com/vi/clk9rMS9GJ4/default.jpg,854419,clk9rMS9GJ4
44,2021-02-23T10:37:20Z,https://i.ytimg.com/vi/zROc50-rWOU/default.jpg,974008,zROc50-rWOU
45,2021-02-24T10:04:53Z,https://i.ytimg.com/vi/LgRcpShpwPQ/default.jpg,1035785,LgRcpShpwPQ
46,2021-02-25T10:02:49Z,https://i.ytimg.com/vi/Oa2eG66HnQg/default.jpg,631879,Oa2eG66HnQg
47,2021-02-26T10:00:07Z,https://i.ytimg.com/vi/IAVLHT9p0NI/default.jpg,829500,IAVLHT9p0NI
48,2021-02-27T10:00:30Z,https://i.ytimg.com/vi/r-qKg3SDtPY/default.jpg,391246,r-qKg3SDtPY
49,2021-02-28T10:13:33Z,https://i.ytimg.com/vi/-xyd6yiNbXw/default.jpg,584840,-xyd6yiNbXw
50,2021-03-01T10:00:14Z,https://i.ytimg.com/vi/izjxikhihm8/default.jpg,772572,izjxikhihm8
51,2021-03-02T10:00:13Z,https://i.ytimg.com/vi/r516KxywErI/default.jpg,401479,r516KxywErI
52,2021-03-03T10:01:39Z,https://i.ytimg.com/vi/lN0MVPptREQ/default.jpg,165471,lN0MVPptREQ
53,2021-03-04T10:00:17Z,https://i.ytimg.com/vi/WeGDixN-u48/default.jpg,1918088,WeGDixN-u48
54,2021-03-05T10:00:27Z,https://i.ytimg.com/vi/kiPv2lMtPxE/default.jpg,264276,kiPv2lMtPxE
55,2021-03-06T10:03:10Z,https://i.ytimg.com/vi/apIbXjVp8NU/default.jpg,2429965,apIbXjVp8NU
56,2021-03-07T10:00:08Z,https://i.ytimg.com/vi/bukNNGTXiyM/default.jpg,833814,bukNNGTXiyM
57,2021-03-08T10:32:13Z,https://i.ytimg.com/vi/y6bw_LYPAAw/default.jpg,190421,y6bw_LYPAAw
58,2021-03-09T10:00:32Z,https://i.ytimg.com/vi/nlTn_odOjHY/default.jpg,3273185,nlTn_odOjHY
59,2021-03-10T10:01:52Z,https://i.ytimg.com/vi/1kJRcb61m6Q/default.jpg,606203,1kJRcb61m6Q
60,2021-03-11T10:01:15Z,https://i.ytimg.com/vi/OaLjtcFd8Wg/default.jpg,729774,OaLjtcFd8Wg
61,2021-03-12T10:00:16Z,https://i.ytimg.com/vi/qbLpfBgZ2zg/default.jpg,1731670,qbLpfBgZ2zg
62,2021-03-13T10:00:17Z,https://i.ytimg.com/vi/zapW3rK9WpM/default.jpg,1152582,zapW3rK9WpM
63,2021-03-14T10:00:01Z,https://i.ytimg.com/vi/8fw78kzjRIo/default.jpg,222018,8fw78kzjRIo
64,2021-03-15T10:01:41Z,https://i.ytimg.com/vi/dj8NVGA841A/default.jpg,154138,dj8NVGA841A
65,2021-03-16T10:00:15Z,https://i.ytimg.com/vi/3EQ6jEvV4gY/default.jpg,277018,3EQ6jEvV4gY
66,2021-03-17T10:36:20Z,https://i.ytimg.com/vi/8qB4aGb2TB0/default.jpg,1061872,8qB4aGb2TB0
67,2021-03-18T10:14:26Z,https://i.ytimg.com/vi/J72ORmh0Wxw/default.jpg,1119952,J72ORmh0Wxw
68,2021-03-19T11:45:03Z,https://i.ytimg.com/vi/e-YLy-pu2IE/default.jpg,2167494,e-YLy-pu2IE
69,2021-03-20T10:00:10Z,https://i.ytimg.com/vi/KwdDWYj6nzo/default.jpg,1137588,KwdDWYj6nzo
70,2021-03-21T10:00:09Z,https://i.ytimg.com/vi/biUg_AAys0M/default.jpg,809513,biUg_AAys0M
71,2021-03-22T10:00:48Z,https://i.ytimg.com/vi/POUlEbYTOpo/default.jpg,683540,POUlEbYTOpo
72,2021-03-23T10:00:00Z,https://i.ytimg.com/vi/-WNguasc5Qs/default.jpg,189968,-WNguasc5Qs
73,2021-03-24T10:00:14Z,https://i.ytimg.com/vi/JRnc5_bsISo/default.jpg,1321232,JRnc5_bsISo
74,2021-03-25T10:02:28Z,https://i.ytimg.com/vi/PbGcEgBdvMM/default.jpg,2414578,PbGcEgBdvMM
75,2021-03-26T10:00:06Z,https://i.ytimg.com/vi/RsJ4V_9Ak6I/default.jpg,1469837,RsJ4V_9Ak6I
76,2021-03-27T10:00:02Z,https://i.ytimg.com/vi/Ea5G5vh6ilc/default.jpg,178362,Ea5G5vh6ilc
77,2021-03-29T10:00:13Z,https://i.ytimg.com/vi/quwdMWnCE38/default.jpg,2128057,quwdMWnCE38
78,2021-03-30T10:00:19Z,https://i.ytimg.com/vi/Ttk3MYVi5lA/default.jpg,523973,Ttk3MYVi5lA
79,2021-03-31T11:19:53Z,https://i.ytimg.com/vi/l4CM1VSX9T0/default.jpg,1345939,l4CM1VSX9T0
80,2021-04-01T11:30:00Z,https://i.ytimg.com/vi/0litN18Cgbg/default.jpg,1055460,0litN18Cgbg
81,2021-04-03T04:15:32Z,https://i.ytimg.com/vi/rODkY8nMLWI/default.jpg,1336690,rODkY8nMLWI
82,2021-04-03T10:00:20Z,https://i.ytimg.com/vi/v784-VIOXP4/default.jpg,583511,v784-VIOXP4
83,2021-04-04T10:12:16Z,https://i.ytimg.com/vi/_wqt0QOA85U/default.jpg,1232071,_wqt0QOA85U
84,2021-04-06T10:00:05Z,https://i.ytimg.com/vi/7KBkw6j_adc/default.jpg,1839480,7KBkw6j_adc
85,2021-04-07T10:01:57Z,https://i.ytimg.com/vi/Kq9DocRzj7I/default.jpg,456192,Kq9DocRzj7I
86,2021-04-09T10:00:33Z,https://i.ytimg.com/vi/smmlTzrr6_o/default.jpg,307066,smmlTzrr6_o
87,2021-04-09T12:30:56Z,https://i.ytimg.com/vi/UXb2DyR_2R4/default.jpg,2454785,UXb2DyR_2R4
88,2021-04-10T10:00:08Z,https://i.ytimg.com/vi/AccSRZEsRs0/default.jpg,1943383,AccSRZEsRs0
89,2021-04-11T10:01:22Z,https://i.ytimg.com/vi/ExjZTBxLrMY/default.jpg,807099,ExjZTBxLrMY
90,2021-04-12T11:45:01Z,https://i.ytimg.com/vi/Z7_WWJEj-j8/default.jpg,12013308,Z7_WWJEj-j8
91,2021-04-13T10:00:09Z,https://i.ytimg.com/vi/NLylbGMhiDw/default.jpg,1279948,NLylbGMhiDw
92,2021-04-14T10:00:15Z,https://i.ytimg.com/vi/d6UI8DLblEc/default.jpg,1150451,d6UI8DLblEc
93,2021-04-15T10:00:19Z,https://i.ytimg.com/vi/vbJ0h-hveoo/default.jpg,952434,vbJ0h-hveoo
94,2021-04-16T10:12:49Z,https://i.ytimg.com/vi/Bx3cWKqk5pE/default.jpg,231821,Bx3cWKqk5pE
95,2021-04-17T10:00:00Z,https://i.ytimg.com/vi/-jzVodgvPtw/default.jpg,552465,-jzVodgvPtw
96,2021-04-18T10:08:45Z,https://i.ytimg.com/vi/WrNbkZXMENo/default.jpg,3015709,WrNbkZXMENo
97,2021-04-19T10:00:04Z,https://i.ytimg.com/vi/9oB2rexuyqs/default.jpg,579952,9oB2rexuyqs
98,2021-04-20T10:30:08Z,https://i.ytimg.com/vi/T3chPJuPPic/default.jpg,3154919,T3chPJuPPic
99,2021-04-21T10:00:04Z,https://i.ytimg.com/vi/D3jsOU1Dikk/default.jpg,1311800,D3jsOU1Dikk
100,2021-04-22T10:00:35Z,https://i.ytimg.com/vi/xQo7VT23Tss/default.jpg,332141,xQo7VT23Tss
101,2021-04-23T10:05:03Z,https://i.ytimg.com/vi/MMZpgrmxVi8/default.jpg,547982,MMZpgrmxVi8
102,2021-04-24T10:00:12Z,https://i.ytimg.com/vi/fPZ2JBgCQdE/default.jpg,193253,fPZ2JBgCQdE
103,2021-04-25T10:00:15Z,https://i.ytimg.com/vi/NR_LENif17U/default.jpg,638045,NR_LENif17U
104,2021-04-27T10:00:01Z,https://i.ytimg.com/vi/-bODMW3An5o/default.jpg,520738,-bODMW3An5o
105,2021-04-28T10:00:17Z,https://i.ytimg.com/vi/NAtUJAJAUMI/default.jpg,1957808,NAtUJAJAUMI
106,2021-04-29T10:00:35Z,https://i.ytimg.com/vi/xBCyj4RlE9M/default.jpg,436214,xBCyj4RlE9M
107,2021-04-30T10:00:23Z,https://i.ytimg.com/vi/iI5S9QreayI/default.jpg,1223195,iI5S9QreayI
108,2021-05-01T10:00:12Z,https://i.ytimg.com/vi/XGma03HCLPI/default.jpg,719542,XGma03HCLPI
109,2021-05-02T10:00:06Z,https://i.ytimg.com/vi/ExSEEwLmiY4/default.jpg,1566474,ExSEEwLmiY4
110,2021-05-03T10:00:10Z,https://i.ytimg.com/vi/PjsdpnxVblI/default.jpg,2993106,PjsdpnxVblI
111,2021-05-04T10:00:12Z,https://i.ytimg.com/vi/SYAuzsFQXc8/default.jpg,1245911,SYAuzsFQXc8
112,2021-05-05T10:00:31Z,https://i.ytimg.com/vi/emFPDJAJpKU/default.jpg,862470,emFPDJAJpKU
113,2021-05-06T10:51:25Z,https://i.ytimg.com/vi/jnJ88ye1rYs/default.jpg,1381749,jnJ88ye1rYs
114,2021-05-07T11:29:40Z,https://i.ytimg.com/vi/nCQj-UkXzSo/default.jpg,680996,nCQj-UkXzSo
115,2021-05-08T10:00:19Z,https://i.ytimg.com/vi/PlDPvjloFqU/default.jpg,1819812,PlDPvjloFqU
116,2021-05-09T10:00:05Z,https://i.ytimg.com/vi/3uNLrF802P8/default.jpg,408022,3uNLrF802P8
117,2021-05-11T10:00:01Z,https://i.ytimg.com/vi/2dFxr9ossug/default.jpg,1324335,2dFxr9ossug
118,2021-05-12T10:00:06Z,https://i.ytimg.com/vi/FqocMy_-Jh4/default.jpg,487317,FqocMy_-Jh4
119,2021-05-13T10:00:01Z,https://i.ytimg.com/vi/4Yf_SG0_P2Y/default.jpg,930573,4Yf_SG0_P2Y
120,2021-05-14T10:01:57Z,https://i.ytimg.com/vi/68vsqfhnwq4/default.jpg,1243303,68vsqfhnwq4
121,2021-05-15T10:00:12Z,https://i.ytimg.com/vi/FajCrcpjaWk/default.jpg,398618,FajCrcpjaWk
122,2021-05-16T10:00:12Z,https://i.ytimg.com/vi/-WawfV4uiqM/default.jpg,852474,-WawfV4uiqM
123,2021-05-17T10:00:16Z,https://i.ytimg.com/vi/dZ7q0XXwEhw/default.jpg,285536,dZ7q0XXwEhw
124,2021-05-18T10:00:16Z,https://i.ytimg.com/vi/p19Be2BTQmw/default.jpg,364030,p19Be2BTQmw
125,2021-05-19T12:00:30Z,https://i.ytimg.com/vi/iOacfmPeW5E/default.jpg,1667299,iOacfmPeW5E
126,2021-05-20T10:00:20Z,https://i.ytimg.com/vi/lxtUbzqge3M/default.jpg,376105,lxtUbzqge3M
127,2021-05-21T10:00:14Z,https://i.ytimg.com/vi/X508rTBKdE4/default.jpg,993149,X508rTBKdE4
128,2021-05-22T10:00:23Z,https://i.ytimg.com/vi/PLkVSzkrcA8/default.jpg,609799,PLkVSzkrcA8
129,2021-05-23T11:00:15Z,https://i.ytimg.com/vi/OzpwWBvySrc/default.jpg,1870076,OzpwWBvySrc
130,2021-05-24T10:05:05Z,https://i.ytimg.com/vi/x-YQvdE95jg/default.jpg,2418090,x-YQvdE95jg
131,2021-05-25T10:00:01Z,https://i.ytimg.com/vi/0VsrwakjMPI/default.jpg,608058,0VsrwakjMPI
132,2021-05-26T10:05:51Z,https://i.ytimg.com/vi/Ehj8Z5eQj8E/default.jpg,1127131,Ehj8Z5eQj8E
133,2021-05-27T10:38:38Z,https://i.ytimg.com/vi/xCnzY_J8KI4/default.jpg,1707385,xCnzY_J8KI4
134,2021-05-28T10:00:06Z,https://i.ytimg.com/vi/GExDY65MobQ/default.jpg,628025,GExDY65MobQ
135,2021-05-29T10:00:07Z,https://i.ytimg.com/vi/8I7bgrKGUDA/default.jpg,623748,8I7bgrKGUDA
136,2021-05-30T10:02:15Z,https://i.ytimg.com/vi/0vwmOLgjfOw/default.jpg,1290582,0vwmOLgjfOw
137,2021-05-31T10:00:11Z,https://i.ytimg.com/vi/W0WXJ19yH6w/default.jpg,926918,W0WXJ19yH6w
138,2021-06-01T10:00:30Z,https://i.ytimg.com/vi/e8gL0cBjs6s/default.jpg,493530,e8gL0cBjs6s
139,2021-06-02T10:00:03Z,https://i.ytimg.com/vi/20w2AjsMSc4/default.jpg,816973,20w2AjsMSc4
140,2021-06-03T10:00:13Z,https://i.ytimg.com/vi/h8Wx6knAeFE/default.jpg,518185,h8Wx6knAeFE
141,2021-06-05T10:00:05Z,https://i.ytimg.com/vi/4Xx3EeRhOHs/default.jpg,364201,4Xx3EeRhOHs
142,2021-06-06T10:00:06Z,https://i.ytimg.com/vi/Go7X9BpJjUI/default.jpg,1600852,Go7X9BpJjUI
143,2021-06-07T10:00:06Z,https://i.ytimg.com/vi/4hzK3JnvtYo/default.jpg,1047147,4hzK3JnvtYo
144,2021-06-08T10:00:17Z,https://i.ytimg.com/vi/oNVkQkPgCFU/default.jpg,727536,oNVkQkPgCFU
145,2021-06-09T10:06:17Z,https://i.ytimg.com/vi/Q89S6IOIvMQ/default.jpg,694198,Q89S6IOIvMQ
146,2021-06-10T10:00:21Z,https://i.ytimg.com/vi/Khis3zW4btU/default.jpg,1621533,Khis3zW4btU
147,2021-06-11T10:00:33Z,https://i.ytimg.com/vi/zAuAk-FpYCg/default.jpg,881380,zAuAk-FpYCg
148,2021-06-12T10:00:00Z,https://i.ytimg.com/vi/1mpVOrE5ZO0/default.jpg,847419,1mpVOrE5ZO0
149,2021-06-13T10:00:16Z,https://i.ytimg.com/vi/kTt5VvWWs9E/default.jpg,557188,kTt5VvWWs9E
150,2021-06-14T10:00:04Z,https://i.ytimg.com/vi/EsJgQd5A-Qw/default.jpg,840921,EsJgQd5A-Qw
151,2021-06-15T10:00:01Z,https://i.ytimg.com/vi/13zpj6QUjTI/default.jpg,2144435,13zpj6QUjTI
152,2021-06-16T10:00:10Z,https://i.ytimg.com/vi/AN2l_LXwJdk/default.jpg,518910,AN2l_LXwJdk
153,2021-06-17T10:00:25Z,https://i.ytimg.com/vi/Sufdd9RJFe0/default.jpg,331605,Sufdd9RJFe0
154,2021-06-18T10:00:14Z,https://i.ytimg.com/vi/WQokyoYgZ_s/default.jpg,2917720,WQokyoYgZ_s
155,2021-06-19T10:00:11Z,https://i.ytimg.com/vi/sJNC99aCHkQ/default.jpg,520966,sJNC99aCHkQ
156,2021-06-20T10:00:10Z,https://i.ytimg.com/vi/UPXlEtbY_iM/default.jpg,1011540,UPXlEtbY_iM
157,2021-06-21T11:28:56Z,https://i.ytimg.com/vi/G7cKs_CtdAs/default.jpg,1876154,G7cKs_CtdAs
158,2021-06-22T10:00:21Z,https://i.ytimg.com/vi/NYI3nIOTHC4/default.jpg,1232428,NYI3nIOTHC4
159,2021-06-23T10:00:01Z,https://i.ytimg.com/vi/5Se4fyIUPzk/default.jpg,547740,5Se4fyIUPzk
160,2021-06-24T10:00:08Z,https://i.ytimg.com/vi/QG6Pq_h5UzM/default.jpg,947750,QG6Pq_h5UzM
161,2021-06-25T10:00:14Z,https://i.ytimg.com/vi/bcwavK5ygNo/default.jpg,811367,bcwavK5ygNo
162,2021-06-27T10:00:14Z,https://i.ytimg.com/vi/DGUiOg8WZvI/default.jpg,1803133,DGUiOg8WZvI
163,2021-06-28T10:00:01Z,https://i.ytimg.com/vi/abiW7c3DSSE/default.jpg,1877749,abiW7c3DSSE
164,2021-06-29T10:00:18Z,https://i.ytimg.com/vi/m5BJvrUz514/default.jpg,2907806,m5BJvrUz514
165,2021-06-30T10:00:34Z,https://i.ytimg.com/vi/r1NhUucDSUI/default.jpg,408717,r1NhUucDSUI
166,2021-07-01T10:00:35Z,https://i.ytimg.com/vi/0Iru5bgoMVU/default.jpg,699999,0Iru5bgoMVU
167,2021-07-02T10:00:21Z,https://i.ytimg.com/vi/KnK2gfa_Ob0/default.jpg,691079,KnK2gfa_Ob0
168,2021-07-03T10:00:33Z,https://i.ytimg.com/vi/x7d2Ujhg484/default.jpg,836460,x7d2Ujhg484
169,2021-07-04T10:00:15Z,https://i.ytimg.com/vi/mmc4w1FAs50/default.jpg,1418304,mmc4w1FAs50
170,2021-07-05T10:00:09Z,https://i.ytimg.com/vi/L9gSiyTLMe8/default.jpg,1277156,L9gSiyTLMe8
171,2021-07-06T10:00:02Z,https://i.ytimg.com/vi/7VCpbuFyUxg/default.jpg,928817,7VCpbuFyUxg
172,2021-07-07T10:00:15Z,https://i.ytimg.com/vi/hRHJdWqs33A/default.jpg,1198700,hRHJdWqs33A
173,2021-07-08T10:00:03Z,https://i.ytimg.com/vi/C8SewUoid7A/default.jpg,639029,C8SewUoid7A
174,2021-07-09T10:00:17Z,https://i.ytimg.com/vi/JDZVPQsBSX4/default.jpg,265593,JDZVPQsBSX4
175,2021-07-10T10:00:31Z,https://i.ytimg.com/vi/i7PyLhcb1qM/default.jpg,2128769,i7PyLhcb1qM
176,2021-07-11T10:00:04Z,https://i.ytimg.com/vi/DJ095eJgcvM/default.jpg,1139507,DJ095eJgcvM
177,2021-07-12T10:02:07Z,https://i.ytimg.com/vi/FezN4Cy8bgg/default.jpg,457018,FezN4Cy8bgg
178,2021-07-13T10:00:18Z,https://i.ytimg.com/vi/qRUxCTEtKMI/default.jpg,5162603,qRUxCTEtKMI
179,2021-07-14T10:00:15Z,https://i.ytimg.com/vi/VqNiMVFYToU/default.jpg,390560,VqNiMVFYToU
180,2021-07-15T10:00:13Z,https://i.ytimg.com/vi/3W0nFEtK2nU/default.jpg,467437,3W0nFEtK2nU
181,2021-07-16T10:00:22Z,https://i.ytimg.com/vi/MvnpWTdRlCM/default.jpg,929868,MvnpWTdRlCM
182,2021-07-17T10:00:11Z,https://i.ytimg.com/vi/YgJqX0qOMok/default.jpg,451471,YgJqX0qOMok
183,2021-07-18T10:00:25Z,https://i.ytimg.com/vi/zFpI6E9Hgu8/default.jpg,920019,zFpI6E9Hgu8
184,2021-07-19T10:05:48Z,https://i.ytimg.com/vi/hZHSTjmwYB0/default.jpg,711398,hZHSTjmwYB0
185,2021-07-20T10:00:02Z,https://i.ytimg.com/vi/5FuP0gKrs68/default.jpg,213138,5FuP0gKrs68
186,2021-07-21T10:00:07Z,https://i.ytimg.com/vi/EjyZlv69-tc/default.jpg,770491,EjyZlv69-tc
187,2021-07-22T10:00:08Z,https://i.ytimg.com/vi/KvZClKNlQW4/default.jpg,187368,KvZClKNlQW4
188,2021-07-22T12:00:32Z,https://i.ytimg.com/vi/tBTFEh2awW8/default.jpg,591231,tBTFEh2awW8
189,2021-07-23T10:00:06Z,https://i.ytimg.com/vi/HNmeY8J22_M/default.jpg,1553861,HNmeY8J22_M
190,2021-07-24T10:30:18Z,https://i.ytimg.com/vi/oZGBh_njraU/default.jpg,1951152,oZGBh_njraU
191,2021-07-25T10:00:19Z,https://i.ytimg.com/vi/uqt2VE8O_p8/default.jpg,1451454,uqt2VE8O_p8
192,2021-07-26T10:00:31Z,https://i.ytimg.com/vi/ntHnStcBJnM/default.jpg,550810,ntHnStcBJnM
193,2021-07-27T10:00:19Z,https://i.ytimg.com/vi/mllPpHzhSpU/default.jpg,1212611,mllPpHzhSpU
194,2021-07-28T10:00:22Z,https://i.ytimg.com/vi/5cVDuWpFix4/default.jpg,959259,5cVDuWpFix4
195,2021-07-29T10:00:11Z,https://i.ytimg.com/vi/QVOr7RtCtXE/default.jpg,1966305,QVOr7RtCtXE
196,2021-07-30T10:00:18Z,https://i.ytimg.com/vi/dqvr05K_Sd4/default.jpg,288904,dqvr05K_Sd4
197,2021-07-31T10:00:10Z,https://i.ytimg.com/vi/S5qXJQS_0XU/default.jpg,2832178,S5qXJQS_0XU
198,2021-08-01T10:00:08Z,https://i.ytimg.com/vi/QjeZyCLXbiE/default.jpg,622372,QjeZyCLXbiE
199,2021-08-02T10:00:21Z,https://i.ytimg.com/vi/QtnjKRL9sa4/default.jpg,342608,QtnjKRL9sa4
200,2021-08-03T10:00:31Z,https://i.ytimg.com/vi/keExg7xjO3o/default.jpg,3144495,keExg7xjO3o
201,2021-08-04T10:26:48Z,https://i.ytimg.com/vi/Uepu0fO--9E/default.jpg,5495294,Uepu0fO--9E
202,2021-08-05T10:30:11Z,https://i.ytimg.com/vi/dang96gloVs/default.jpg,2469945,dang96gloVs
203,2021-08-06T10:00:27Z,https://i.ytimg.com/vi/Gt9VRnppMQs/default.jpg,2317662,Gt9VRnppMQs
204,2021-08-07T10:00:08Z,https://i.ytimg.com/vi/NNRnX-aEZp4/default.jpg,1156107,NNRnX-aEZp4
205,2021-08-08T10:00:10Z,https://i.ytimg.com/vi/MUNvb7DH4Z4/default.jpg,369562,MUNvb7DH4Z4
206,2021-08-09T10:26:08Z,https://i.ytimg.com/vi/snbZzkkgvS0/default.jpg,617173,snbZzkkgvS0
207,2021-08-10T10:00:01Z,https://i.ytimg.com/vi/45CsZlmlFEA/default.jpg,757233,45CsZlmlFEA
208,2021-08-11T10:00:15Z,https://i.ytimg.com/vi/hEqJLnEWVKk/default.jpg,1816014,hEqJLnEWVKk
209,2021-08-12T10:00:03Z,https://i.ytimg.com/vi/2Jo8yrrVCbE/default.jpg,2201831,2Jo8yrrVCbE
210,2021-08-13T10:00:31Z,https://i.ytimg.com/vi/_M71wCMxT3o/default.jpg,4509298,_M71wCMxT3o
211,2021-08-14T10:42:34Z,https://i.ytimg.com/vi/CGJ2uB5TYqQ/default.jpg,3189405,CGJ2uB5TYqQ
212,2021-08-15T10:00:16Z,https://i.ytimg.com/vi/tvaZWlFw8zU/default.jpg,1160603,tvaZWlFw8zU
213,2021-08-16T10:00:06Z,https://i.ytimg.com/vi/Hg92Q2Ax2to/default.jpg,515153,Hg92Q2Ax2to
214,2021-08-17T10:00:20Z,https://i.ytimg.com/vi/SPRNPK98v8w/default.jpg,1483531,SPRNPK98v8w
215,2021-08-18T10:00:09Z,https://i.ytimg.com/vi/8vr8jtjLDB4/default.jpg,538306,8vr8jtjLDB4
216,2021-08-19T07:00:00Z,https://i.ytimg.com/vi/1Hh_I3F3lbQ/default.jpg,277372,1Hh_I3F3lbQ
217,2021-08-19T10:00:32Z,https://i.ytimg.com/vi/iFXjL_NlX3U/default.jpg,251847,iFXjL_NlX3U
218,2021-08-20T10:00:16Z,https://i.ytimg.com/vi/gwHQLBUStO4/default.jpg,1764648,gwHQLBUStO4
219,2021-08-21T10:00:19Z,https://i.ytimg.com/vi/r0t6p0lr8Pc/default.jpg,822907,r0t6p0lr8Pc
220,2021-08-22T10:00:29Z,https://i.ytimg.com/vi/pWFOLpA-LV8/default.jpg,715490,pWFOLpA-LV8
221,2021-08-23T10:00:21Z,https://i.ytimg.com/vi/t-sEawHF9PU/default.jpg,464426,t-sEawHF9PU
222,2021-08-24T10:00:17Z,https://i.ytimg.com/vi/gUckM84W89Q/default.jpg,1744112,gUckM84W89Q
223,2021-08-25T10:00:29Z,https://i.ytimg.com/vi/e9ogQq2qcr0/default.jpg,897192,e9ogQq2qcr0
224,2021-08-26T08:04:07Z,https://i.ytimg.com/vi/gfEt-8m2GM8/default.jpg,408834,gfEt-8m2GM8
225,2021-08-26T10:00:07Z,https://i.ytimg.com/vi/Ii0RtCSo4E8/default.jpg,530324,Ii0RtCSo4E8
226,2021-08-27T10:00:14Z,https://i.ytimg.com/vi/b33Y7vdjlyI/default.jpg,1744805,b33Y7vdjlyI
227,2021-08-28T10:00:00Z,https://i.ytimg.com/vi/-AZ3X1zSCMc/default.jpg,2059014,-AZ3X1zSCMc
228,2021-08-29T10:00:13Z,https://i.ytimg.com/vi/kz_JJzYHUm0/default.jpg,1576997,kz_JJzYHUm0
229,2021-08-30T10:00:31Z,https://i.ytimg.com/vi/npq0Z120cWU/default.jpg,704515,npq0Z120cWU
230,2021-08-31T10:00:16Z,https://i.ytimg.com/vi/iL-hEqS0szM/default.jpg,1113688,iL-hEqS0szM
231,2021-09-01T10:00:15Z,https://i.ytimg.com/vi/cmj1HKlahCk/default.jpg,1534962,cmj1HKlahCk
232,2021-09-02T10:00:16Z,https://i.ytimg.com/vi/iELgTIG8KEQ/default.jpg,1273360,iELgTIG8KEQ
233,2021-09-03T10:00:33Z,https://i.ytimg.com/vi/fkrA9P4NSEM/default.jpg,619495,fkrA9P4NSEM
234,2021-09-04T10:00:17Z,https://i.ytimg.com/vi/gdLOmjTS168/default.jpg,643498,gdLOmjTS168
235,2021-09-05T10:00:07Z,https://i.ytimg.com/vi/L6jopcNVXD4/default.jpg,350052,L6jopcNVXD4
236,2021-09-06T10:00:19Z,https://i.ytimg.com/vi/Z-dq-CjkHOw/default.jpg,942125,Z-dq-CjkHOw
237,2021-09-07T10:00:01Z,https://i.ytimg.com/vi/2ly_kOr1q-U/default.jpg,522353,2ly_kOr1q-U
238,2021-09-08T10:00:09Z,https://i.ytimg.com/vi/C56L0JaoYwE/default.jpg,701492,C56L0JaoYwE
239,2021-09-09T10:00:01Z,https://i.ytimg.com/vi/2Ulm7a6_t7c/default.jpg,370692,2Ulm7a6_t7c
240,2021-09-10T10:00:11Z,https://i.ytimg.com/vi/LOuy_4lrauM/default.jpg,5608839,LOuy_4lrauM
241,2021-09-11T10:00:05Z,https://i.ytimg.com/vi/4r8AidBTlXU/default.jpg,666381,4r8AidBTlXU
242,2021-09-12T10:00:12Z,https://i.ytimg.com/vi/X8fHUXXrUj8/default.jpg,521491,X8fHUXXrUj8
243,2021-09-13T10:00:26Z,https://i.ytimg.com/vi/uhZ7xQiu7Qg/default.jpg,1367163,uhZ7xQiu7Qg
244,2021-09-14T10:00:30Z,https://i.ytimg.com/vi/fVRb3P4Tt0I/default.jpg,467157,fVRb3P4Tt0I
245,2021-09-15T10:00:01Z,https://i.ytimg.com/vi/1v3ogco8zF8/default.jpg,1436633,1v3ogco8zF8
246,2021-09-16T10:00:22Z,https://i.ytimg.com/vi/rxd-A2P2lwE/default.jpg,954717,rxd-A2P2lwE
247,2021-09-17T10:00:12Z,https://i.ytimg.com/vi/NSsfNvAuz_w/default.jpg,1440446,NSsfNvAuz_w
248,2021-09-23T10:00:07Z,https://i.ytimg.com/vi/HWnu6m-WaUU/default.jpg,882920,HWnu6m-WaUU
249,2021-09-24T10:00:22Z,https://i.ytimg.com/vi/p_qCjfPHi5k/default.jpg,1294643,p_qCjfPHi5k
250,2021-09-25T10:00:07Z,https://i.ytimg.com/vi/GFaRd8kKyfk/default.jpg,1024761,GFaRd8kKyfk
251,2021-09-26T10:00:08Z,https://i.ytimg.com/vi/JCAqU3dDAfc/default.jpg,379548,JCAqU3dDAfc
252,2021-09-27T10:00:13Z,https://i.ytimg.com/vi/ZQ6nMCF4pUM/default.jpg,1382680,ZQ6nMCF4pUM
253,2021-09-28T10:00:13Z,https://i.ytimg.com/vi/ZHNtz7yxLxs/default.jpg,506061,ZHNtz7yxLxs
254,2021-09-29T10:00:33Z,https://i.ytimg.com/vi/pOLy69m3xZQ/default.jpg,694149,pOLy69m3xZQ
255,2021-09-30T10:00:13Z,https://i.ytimg.com/vi/IrNiIVjGvCY/default.jpg,435305,IrNiIVjGvCY
256,2021-10-01T10:00:32Z,https://i.ytimg.com/vi/QK2-QUcp4zY/default.jpg,2825441,QK2-QUcp4zY
257,2021-10-02T10:00:15Z,https://i.ytimg.com/vi/_5Jsp-bIeqU/default.jpg,2477236,_5Jsp-bIeqU
258,2021-10-03T10:30:08Z,https://i.ytimg.com/vi/sNdK-ZHbByw/default.jpg,2134671,sNdK-ZHbByw
259,2021-10-04T10:00:02Z,https://i.ytimg.com/vi/0uc-0xqWcwY/default.jpg,656441,0uc-0xqWcwY
260,2021-10-05T10:00:08Z,https://i.ytimg.com/vi/A646vX-4D1A/default.jpg,496133,A646vX-4D1A
261,2021-10-06T10:00:18Z,https://i.ytimg.com/vi/HKzMkcNSNg8/default.jpg,792132,HKzMkcNSNg8
262,2021-10-07T10:00:13Z,https://i.ytimg.com/vi/DxtJJ_GXMFk/default.jpg,1291907,DxtJJ_GXMFk
263,2021-10-08T10:00:31Z,https://i.ytimg.com/vi/T14f1ZjqLRw/default.jpg,991661,T14f1ZjqLRw
264,2021-10-09T10:00:24Z,https://i.ytimg.com/vi/Q7aA7E_WF0w/default.jpg,1868540,Q7aA7E_WF0w
265,2021-10-10T10:00:05Z,https://i.ytimg.com/vi/ALiqcAOWVio/default.jpg,486808,ALiqcAOWVio
266,2021-10-11T10:00:13Z,https://i.ytimg.com/vi/Vcdi1x-Ya94/default.jpg,419763,Vcdi1x-Ya94
267,2021-10-12T10:00:06Z,https://i.ytimg.com/vi/HeV2ExvF7sc/default.jpg,562406,HeV2ExvF7sc
268,2021-10-13T10:00:25Z,https://i.ytimg.com/vi/zgcvxcWpeSo/default.jpg,1885571,zgcvxcWpeSo
269,2021-10-14T10:00:24Z,https://i.ytimg.com/vi/TAA2lvidJPw/default.jpg,1473237,TAA2lvidJPw
270,2021-10-15T10:00:23Z,https://i.ytimg.com/vi/OztFRAMYlkU/default.jpg,2530923,OztFRAMYlkU
271,2021-10-16T10:00:20Z,https://i.ytimg.com/vi/kiT6YZ4EKpQ/default.jpg,1225389,kiT6YZ4EKpQ
272,2021-10-17T10:00:34Z,https://i.ytimg.com/vi/tIdtmy3gXkU/default.jpg,968269,tIdtmy3gXkU
273,2021-10-18T10:00:21Z,https://i.ytimg.com/vi/tYHgOCT68VE/default.jpg,629951,tYHgOCT68VE
274,2021-10-19T10:00:22Z,https://i.ytimg.com/vi/wC7Q_QI3hMs/default.jpg,584336,wC7Q_QI3hMs
275,2021-10-20T10:00:21Z,https://i.ytimg.com/vi/N41VFJIpRb0/default.jpg,677111,N41VFJIpRb0
276,2021-10-21T10:00:23Z,https://i.ytimg.com/vi/xjHLI6Rp4lA/default.jpg,1127374,xjHLI6Rp4lA
277,2021-10-22T10:00:23Z,https://i.ytimg.com/vi/r8ekVHGVeRw/default.jpg,960691,r8ekVHGVeRw
278,2021-10-23T10:00:23Z,https://i.ytimg.com/vi/uZanlvHjG5w/default.jpg,195158,uZanlvHjG5w
279,2021-10-24T10:00:06Z,https://i.ytimg.com/vi/FwdHkdOeHs8/default.jpg,933036,FwdHkdOeHs8
280,2021-10-25T10:00:33Z,https://i.ytimg.com/vi/sflnVQzVePY/default.jpg,491759,sflnVQzVePY
281,2021-10-26T10:00:10Z,https://i.ytimg.com/vi/P1kiPQCxuYc/default.jpg,559347,P1kiPQCxuYc
282,2021-10-27T10:00:19Z,https://i.ytimg.com/vi/roskZBU7V4I/default.jpg,515818,roskZBU7V4I
283,2021-10-28T10:00:06Z,https://i.ytimg.com/vi/5IP9nlOVNw8/default.jpg,501125,5IP9nlOVNw8
284,2021-10-29T10:00:04Z,https://i.ytimg.com/vi/7S5ZdmnXQyU/default.jpg,581015,7S5ZdmnXQyU
285,2021-10-30T10:00:24Z,https://i.ytimg.com/vi/Qlm12sRtClM/default.jpg,2392224,Qlm12sRtClM
286,2021-10-31T10:00:34Z,https://i.ytimg.com/vi/ytyJgnfb40Q/default.jpg,1812043,ytyJgnfb40Q
287,2021-11-01T10:00:06Z,https://i.ytimg.com/vi/HzxdVaKaPyA/default.jpg,1122249,HzxdVaKaPyA
288,2021-11-02T10:00:04Z,https://i.ytimg.com/vi/9zjIEbda57I/default.jpg,716601,9zjIEbda57I
289,2021-11-03T10:00:19Z,https://i.ytimg.com/vi/J-gtvHfxQw0/default.jpg,712174,J-gtvHfxQw0
290,2021-11-04T10:00:30Z,https://i.ytimg.com/vi/gCkQzCNhI5k/default.jpg,375577,gCkQzCNhI5k
291,2021-11-05T10:00:08Z,https://i.ytimg.com/vi/IvP5TwhDPfY/default.jpg,1175064,IvP5TwhDPfY
292,2021-11-06T10:00:31Z,https://i.ytimg.com/vi/XMYp0zFbCMk/default.jpg,531684,XMYp0zFbCMk
293,2021-11-07T10:00:03Z,https://i.ytimg.com/vi/4yhBYIZs01U/default.jpg,554215,4yhBYIZs01U
294,2021-11-08T10:00:19Z,https://i.ytimg.com/vi/k0xZEaVgqf0/default.jpg,579607,k0xZEaVgqf0
295,2021-11-09T10:00:15Z,https://i.ytimg.com/vi/leQNQ5MTsfw/default.jpg,901700,leQNQ5MTsfw
296,2021-11-10T10:00:22Z,https://i.ytimg.com/vi/Pnvza6BI6Ag/default.jpg,613595,Pnvza6BI6Ag
297,2021-11-12T10:00:00Z,https://i.ytimg.com/vi/18g4ELAWzKI/default.jpg,1232901,18g4ELAWzKI
298,2021-11-13T10:00:02Z,https://i.ytimg.com/vi/4zIQ55coQmU/default.jpg,4042690,4zIQ55coQmU
299,2021-11-14T10:00:13Z,https://i.ytimg.com/vi/sd_s9SLFphw/default.jpg,549274,sd_s9SLFphw
300,2021-11-15T10:00:18Z,https://i.ytimg.com/vi/osC3O3oyInw/default.jpg,401569,osC3O3oyInw
301,2021-11-16T10:00:16Z,https://i.ytimg.com/vi/oec-F62u-Vg/default.jpg,1032116,oec-F62u-Vg
302,2021-11-17T10:00:22Z,https://i.ytimg.com/vi/N0fPlgBQm4Y/default.jpg,1547852,N0fPlgBQm4Y
303,2021-11-18T10:00:31Z,https://i.ytimg.com/vi/bxUK_9rpFLw/default.jpg,2046380,bxUK_9rpFLw
304,2021-11-19T10:00:16Z,https://i.ytimg.com/vi/kXVOrZl9HmE/default.jpg,1912194,kXVOrZl9HmE
305,2021-11-20T10:00:21Z,https://i.ytimg.com/vi/rLDu7O1We3Q/default.jpg,370233,rLDu7O1We3Q
306,2021-11-21T10:00:32Z,https://i.ytimg.com/vi/vc5cLIQu4oo/default.jpg,849914,vc5cLIQu4oo
307,2021-11-22T10:00:06Z,https://i.ytimg.com/vi/6XCm4HqdGrY/default.jpg,457025,6XCm4HqdGrY
308,2021-11-23T10:00:30Z,https://i.ytimg.com/vi/eCH5vHJZFC4/default.jpg,626207,eCH5vHJZFC4
309,2021-11-24T10:00:24Z,https://i.ytimg.com/vi/WR2Jge59KZA/default.jpg,453776,WR2Jge59KZA
310,2021-11-25T10:00:23Z,https://i.ytimg.com/vi/tAI45usuk20/default.jpg,476282,tAI45usuk20
311,2021-11-26T10:00:31Z,https://i.ytimg.com/vi/eV7RaPDIG-w/default.jpg,1360779,eV7RaPDIG-w
312,2021-11-27T10:00:01Z,https://i.ytimg.com/vi/6Y1kWcrFKQo/default.jpg,2914894,6Y1kWcrFKQo
313,2021-11-28T10:00:20Z,https://i.ytimg.com/vi/pT0XCoUbKVg/default.jpg,1547494,pT0XCoUbKVg
314,2021-11-29T10:00:05Z,https://i.ytimg.com/vi/GOb70rO9JUY/default.jpg,3209755,GOb70rO9JUY
315,2021-11-30T10:00:31Z,https://i.ytimg.com/vi/dz-3A9Sz7O4/default.jpg,622271,dz-3A9Sz7O4
316,2021-12-01T10:00:12Z,https://i.ytimg.com/vi/Bki32wXc_DU/default.jpg,451901,Bki32wXc_DU
317,2021-12-02T10:00:29Z,https://i.ytimg.com/vi/W_LgcEqt0M0/default.jpg,469634,W_LgcEqt0M0
318,2021-12-03T10:00:10Z,https://i.ytimg.com/vi/MGAZadS_KoQ/default.jpg,558371,MGAZadS_KoQ
319,2021-12-04T10:00:18Z,https://i.ytimg.com/vi/PxC5kDvxoSs/default.jpg,1692086,PxC5kDvxoSs
320,2021-12-05T10:00:17Z,https://i.ytimg.com/vi/_Tnivm37Fqw/default.jpg,357759,_Tnivm37Fqw
321,2021-12-06T10:00:17Z,https://i.ytimg.com/vi/imTVT-yn-xE/default.jpg,1212034,imTVT-yn-xE
322,2021-12-07T10:00:10Z,https://i.ytimg.com/vi/RHklOW-bL_c/default.jpg,904282,RHklOW-bL_c
323,2021-12-08T10:00:06Z,https://i.ytimg.com/vi/JqRSCS9HS2I/default.jpg,1344521,JqRSCS9HS2I
324,2021-12-09T10:00:01Z,https://i.ytimg.com/vi/aEgov1XHmos/default.jpg,899160,aEgov1XHmos
325,2021-12-10T10:00:05Z,https://i.ytimg.com/vi/CCod_j00Ls0/default.jpg,795027,CCod_j00Ls0
326,2021-12-11T10:00:02Z,https://i.ytimg.com/vi/6qQWZmk5_WY/default.jpg,2046237,6qQWZmk5_WY
327,2021-12-12T10:00:08Z,https://i.ytimg.com/vi/QapJKN-_ha4/default.jpg,989719,QapJKN-_ha4
328,2021-12-13T10:00:12Z,https://i.ytimg.com/vi/V_y3b_9ReU0/default.jpg,2354762,V_y3b_9ReU0
329,2021-12-14T10:00:18Z,https://i.ytimg.com/vi/Q6yxnhX2t4g/default.jpg,680122,Q6yxnhX2t4g
330,2021-12-15T10:00:23Z,https://i.ytimg.com/vi/uUoQ6SmZEgk/default.jpg,1031080,uUoQ6SmZEgk
331,2021-12-16T10:00:15Z,https://i.ytimg.com/vi/ZylMeYt5GYk/default.jpg,1267763,ZylMeYt5GYk
332,2021-12-17T10:00:00Z,https://i.ytimg.com/vi/aD2Bz_WuFnk/default.jpg,564237,aD2Bz_WuFnk
333,2021-12-18T10:00:32Z,https://i.ytimg.com/vi/g8BNuj5C0vE/default.jpg,1664176,g8BNuj5C0vE
334,2021-12-20T10:00:32Z,https://i.ytimg.com/vi/qTm-qUSKuC4/default.jpg,1537895,qTm-qUSKuC4
335,2021-12-21T10:00:21Z,https://i.ytimg.com/vi/IhJLAQDP08g/default.jpg,594904,IhJLAQDP08g
336,2021-12-22T10:00:07Z,https://i.ytimg.com/vi/JI54WbfBOOM/default.jpg,1126309,JI54WbfBOOM
337,2021-12-23T10:00:00Z,https://i.ytimg.com/vi/aDZB9FewV0M/default.jpg,1049366,aDZB9FewV0M
338,2021-12-24T10:00:10Z,https://i.ytimg.com/vi/IGvnjQrV09w/default.jpg,786025,IGvnjQrV09w
339,2021-12-25T10:00:16Z,https://i.ytimg.com/vi/J_1iXthSH5o/default.jpg,1110514,J_1iXthSH5o
340,2021-12-26T10:00:29Z,https://i.ytimg.com/vi/YV77zJfXplo/default.jpg,401864,YV77zJfXplo
341,2021-12-27T10:00:17Z,https://i.ytimg.com/vi/lSt2UnEmGxc/default.jpg,2491442,lSt2UnEmGxc
342,2021-12-28T10:00:05Z,https://i.ytimg.com/vi/C7fUrcAzbd0/default.jpg,1199932,C7fUrcAzbd0
343,2021-12-29T10:00:23Z,https://i.ytimg.com/vi/owE685jWthw/default.jpg,712962,owE685jWthw
344,2021-12-30T10:00:16Z,https://i.ytimg.com/vi/YObxan7RTjw/default.jpg,491158,YObxan7RTjw
345,2021-12-31T10:00:00Z,https://i.ytimg.com/vi/-pnTDn5WYAI/default.jpg,245272,-pnTDn5WYAI
