,Published,HDThumbnailUrl,ViewCount,VideoId,Title
0,2023-02-14T11:00:17Z,https://i.ytimg.com/vi/NTNQGfb1kB0/hqdefault.jpg,457531,NTNQGfb1kB0,넷째 임신했습니다..... 남편반응 / 양가 부모님반응
1,2022-12-23T09:27:49Z,https://i.ytimg.com/vi/UIv13OZW_Uc/hqdefault.jpg,33783,UIv13OZW_Uc,[하준맘 드럼] 크리스마스 락앤롤 드럼연주 Christmas Rock and Roll | 비글부부
2,2022-10-04T13:00:20Z,https://i.ytimg.com/vi/SxM-DWjQWHk/hqdefault.jpg,195592,SxM-DWjQWHk,처음으로 손 준 딸을 본 남편 반응 #비글부부
3,2022-09-09T13:00:16Z,https://i.ytimg.com/vi/SCJ_YKesBSQ/hqdefault.jpg,1011638,SCJ_YKesBSQ,아빠라고 한 옹알이에 남편반응 #딸바보 #비글부부
4,2022-09-06T09:15:00Z,https://i.ytimg.com/vi/NOHGremIzwg/hqdefault.jpg,104629,NOHGremIzwg,아기 울리지 않고 목욕 시키는 법 #비글부부 #고막주의
5,2021-09-14T09:15:01Z,https://i.ytimg.com/vi/akITDHd1F2s/hqdefault.jpg,375001,akITDHd1F2s,[비글부부] 처음 전하는 나의 이야기
6,2021-09-01T09:15:01Z,https://i.ytimg.com/vi/5afwmo9ZOdI/hqdefault.jpg,77009,5afwmo9ZOdI,[B대면상담소] 이상형을 만나려면 어떻게 해야하나요?
7,2021-08-21T09:15:30Z,https://i.ytimg.com/vi/HI-monzjfa8/hqdefault.jpg,80377,HI-monzjfa8,[B대면상담소] 오빠!! 저..결혼 꼭 해야 하나요?? (황하준/ 21 /교회오빠)
8,2021-08-10T10:32:26Z,https://i.ytimg.com/vi/9eMF604CXqM/hqdefault.jpg,60927,9eMF604CXqM,"[비글부부] 야, 너두 예수님 믿을 수 있어! l 야나두패러디"
9,2021-07-22T08:56:30Z,https://i.ytimg.com/vi/q2b798VNVJ4/hqdefault.jpg,195144,q2b798VNVJ4,"[비글부부] 데일리루틴, 모닝루틴 보다 중요한 제 #예배루틴 알려드릴게요"
10,2021-07-06T09:19:55Z,https://i.ytimg.com/vi/VwDXG1AlIIk/hqdefault.jpg,111267,VwDXG1AlIIk,[비글부부] 이제는 하준이랑 밸런스게임도 해요
11,2021-06-22T09:15:00Z,https://i.ytimg.com/vi/15Tc086VQmk/hqdefault.jpg,226473,15Tc086VQmk,[CCM COVER] 뉴클리어스 - 그런 사랑 +2key (COVER by 하준맘)
12,2021-06-21T10:30:05Z,https://i.ytimg.com/vi/VuibbFvPcxU/hqdefault.jpg,223613,VuibbFvPcxU,[비글부부] 우리 부부가 여전히 사랑할 수 있는 이유 (Feat 결혼 7년차부부)
13,2021-06-02T09:15:01Z,https://i.ytimg.com/vi/uxTOFaaZt9g/hqdefault.jpg,86010,uxTOFaaZt9g,[행복화니] 아들에게 해주고 싶은 이야기
14,2021-05-10T10:04:19Z,https://i.ytimg.com/vi/VP5fKGtJ_ms/hqdefault.jpg,76191,VP5fKGtJ_ms,[행복화니] #1인칭 #아들시점 5살 아이의 모닝루틴
15,2021-04-15T09:03:02Z,https://i.ytimg.com/vi/DRWRrgFJ9lc/hqdefault.jpg,96535,DRWRrgFJ9lc,[행복화니] 서로의 진심을 확인한 제주도 데이트
16,2021-04-07T09:07:27Z,https://i.ytimg.com/vi/aNxSK1kKCtE/hqdefault.jpg,491960,aNxSK1kKCtE,[CCM COVER] 하니-행복 (COVER by 하준맘 & 하준이)
17,2021-03-26T09:30:00Z,https://i.ytimg.com/vi/IAlwc-Fx9n0/hqdefault.jpg,179860,IAlwc-Fx9n0,"[행복화니] "" 어려움을 이겨내는 힘을 알려드릴게요 ""  by. 유진박"
18,2021-03-06T02:52:09Z,https://i.ytimg.com/vi/-3TVsaWsLpU/hqdefault.jpg,160337,-3TVsaWsLpU,[행복화니] 모르는 사람이 내 딸을 칭찬 했을 때 아빠의 반응ㅋㅋㅋ #몰카 #ㅋㅋㅋ
19,2021-02-18T09:06:41Z,https://i.ytimg.com/vi/vCqwGx4f4uE/hqdefault.jpg,146903,vCqwGx4f4uE,[행복화니] 하준파파와 원기가 만난 이유
20,2021-01-21T10:19:50Z,https://i.ytimg.com/vi/_t5VTdF4S4M/hqdefault.jpg,56499,_t5VTdF4S4M,[행복화니] 김밥천국의 아버지를 만났습니다
21,2021-01-01T09:30:12Z,https://i.ytimg.com/vi/cLxvTrbA8hA/hqdefault.jpg,190914,cLxvTrbA8hA,[COVER] 하니-행복 (COVER by 하준파파)
22,2020-11-25T09:30:14Z,https://i.ytimg.com/vi/KXQZDJg3vl4/hqdefault.jpg,116507,KXQZDJg3vl4,[비글부부] 하준이의 인생 첫 내레이션 !! #요리브이로그
23,2020-11-20T10:00:12Z,https://i.ytimg.com/vi/oDjaDxcfvLs/hqdefault.jpg,139776,oDjaDxcfvLs,[비글부부] 수영장청소로 생긴 대환장파티ㅋㅋ
24,2020-11-18T10:15:12Z,https://i.ytimg.com/vi/WMMinZIbAEs/hqdefault.jpg,84367,WMMinZIbAEs,[비글부부] 남편없이 아들과 한강에서 차박데이트
25,2020-11-13T09:15:14Z,https://i.ytimg.com/vi/5SJgP7lvlxQ/hqdefault.jpg,109174,5SJgP7lvlxQ,[비글부부] 워커홀릭 아내와 달달하고 싶었던 남산데이트..........
26,2020-11-12T10:15:12Z,https://i.ytimg.com/vi/-ee_Wn12eOk/hqdefault.jpg,148581,-ee_Wn12eOk,[비글부부] 혼인신고를 왜 두번했냐면요...
27,2020-11-09T12:01:32Z,https://i.ytimg.com/vi/jy6G9HZQRnU/hqdefault.jpg,126402,jy6G9HZQRnU,[비글부부] 비글부부만의 유아 미디어 노출 교육법 공개합니다
28,2020-11-02T09:30:13Z,https://i.ytimg.com/vi/OoQzWCddbbk/hqdefault.jpg,399433,OoQzWCddbbk,[비글부부] 하준맘이 하준파파를 결혼까지 멱살캐리한 이유
29,2020-10-30T09:15:03Z,https://i.ytimg.com/vi/iT69MAlJu9E/hqdefault.jpg,97196,iT69MAlJu9E,[비글부부] 우리 가족이 캠핑하는 법 ㅋㅋㅋ
30,2020-10-22T09:15:09Z,https://i.ytimg.com/vi/zaCBO2tU1kw/hqdefault.jpg,149615,zaCBO2tU1kw,"[비글부부] 4살 아이 황하준, 생애 첫 심부름 도전ㅋㅋㅋ"
31,2020-10-08T09:44:29Z,https://i.ytimg.com/vi/N6YPFh7tZag/hqdefault.jpg,119680,N6YPFh7tZag,[비글부부] 집에서 아들 셀프미용 해줬어요
32,2020-10-06T09:28:49Z,https://i.ytimg.com/vi/Q1XAz-fi5kc/hqdefault.jpg,83674,Q1XAz-fi5kc,[비글부부] 부부끼리 하면 좋은 취미라고 해서 갔는데....ㅋㅋㅋㅋㅋ
33,2020-09-29T09:15:12Z,https://i.ytimg.com/vi/AERzXHqNL2M/hqdefault.jpg,173870,AERzXHqNL2M,[비글부부] 하준이네가 집에서 하는 것들ㅋㅋㅋ
34,2020-09-22T09:15:02Z,https://i.ytimg.com/vi/kkMvwLi3ORo/hqdefault.jpg,192529,kkMvwLi3ORo,[비글부부] 쎈메이크업을 하고 아들앞에 나타났더니 반응이.....
35,2020-09-16T09:46:50Z,https://i.ytimg.com/vi/9fDi-jicfYA/hqdefault.jpg,339006,9fDi-jicfYA,[비글부부] 일어나서 자기 전까지 아내 수발 들어주기
36,2020-09-08T09:11:40Z,https://i.ytimg.com/vi/lxR6qmSdxW8/hqdefault.jpg,190934,lxR6qmSdxW8,[비글부부] 아들과 함께 도시락 만들어 집 앞 소풍가기 (#꿀잼보장)
37,2020-09-02T08:59:39Z,https://i.ytimg.com/vi/eP3vI1VZDwk/hqdefault.jpg,274103,eP3vI1VZDwk,[비글부부] 진심으로 전하는 하준파파의 속마음
38,2020-08-26T09:00:29Z,https://i.ytimg.com/vi/w7LtU58nsvo/hqdefault.jpg,265478,w7LtU58nsvo,[비글부부] 쉬는 날 집 콕 브이로그. 집밥 만들어먹기.
39,2020-08-19T09:00:12Z,https://i.ytimg.com/vi/fT6dyDui7T4/hqdefault.jpg,407911,fT6dyDui7T4,[비글부부] 4살 아이 마시멜로 테스트! 자기 통제력이 얼마나 될까?
40,2020-08-13T09:17:46Z,https://i.ytimg.com/vi/USB5xWBEo3g/hqdefault.jpg,628727,USB5xWBEo3g,[비글부부] 하준맘의 새로운 일상
41,2020-08-08T12:54:18Z,https://i.ytimg.com/vi/4ZK_-0BI2yQ/hqdefault.jpg,2428742,4ZK_-0BI2yQ,[비글부부] 안녕하세요. 비글부부입니다
42,2020-05-29T09:15:01Z,https://i.ytimg.com/vi/-rbfk45LSQQ/hqdefault.jpg,2362100,-rbfk45LSQQ,[비글부부] 존재 자체로 러블리한 우리막내 (feat.이준씨러블리♥)
43,2020-05-28T09:30:26Z,https://i.ytimg.com/vi/LohpvDws7WY/hqdefault.jpg,1483944,LohpvDws7WY,[비글부부] 우리집 막내아들을 소개합니다 #순둥이의끝판왕
44,2020-05-23T03:00:02Z,https://i.ytimg.com/vi/8t4Q6s_GOIU/hqdefault.jpg,159138,8t4Q6s_GOIU,[비글부부] 엄마 껌딱지 4살 아들의 여자친구집 방문기ㅋㅋㅋㅋㅋ
45,2020-05-21T09:15:01Z,https://i.ytimg.com/vi/O-GnJ_GkhRI/hqdefault.jpg,142255,O-GnJ_GkhRI,[비글부부] 아빠랑 아들 역할이 바뀐 우리집....
46,2020-05-19T08:55:45Z,https://i.ytimg.com/vi/3W-8injEg8M/hqdefault.jpg,161391,3W-8injEg8M,[비글부부] 4살 아들에게 아기 때 영상을 보여줬을 때 반응은?!!(※혼란스러움 주의※)
47,2020-05-14T08:55:42Z,https://i.ytimg.com/vi/l74tThwdf-I/hqdefault.jpg,142423,l74tThwdf-I,[비글부부] 30살 부부의 흔한 말싸움 (저희는 진짜 이렇게 싸워요..화남주의)
48,2020-05-12T09:13:13Z,https://i.ytimg.com/vi/t_tl4Ulqcnk/hqdefault.jpg,151485,t_tl4Ulqcnk,[비글부부] 대환장 할리갈리파티ㅋㅋ feat.겁먹은 하준이
49,2020-05-08T08:55:53Z,https://i.ytimg.com/vi/xkKNz1jfyhk/hqdefault.jpg,176457,xkKNz1jfyhk,[비글부부] 형님네와 울음참기챌린지ㅋㅋㅋfeat.큰아빠하드캐리
50,2020-05-06T09:19:16Z,https://i.ytimg.com/vi/NYlzHmZrNZk/hqdefault.jpg,77910,NYlzHmZrNZk,[비글부부] 성격 변한 거 알아?
51,2020-05-01T09:15:00Z,https://i.ytimg.com/vi/UsYzrk5WGWQ/hqdefault.jpg,161306,UsYzrk5WGWQ,[비글부부] 유전자가 이렇게 무섭습니다...하준이 미래스포ㅋㅋㅋㅋ
52,2020-04-28T09:04:35Z,https://i.ytimg.com/vi/eTPy1cFuCoQ/hqdefault.jpg,188084,eTPy1cFuCoQ,[비글부부] 어쩌다 남편의 콤플렉스 공개ㅋㅋㅋ&결혼장단점
53,2020-04-23T09:11:04Z,https://i.ytimg.com/vi/mAxjLoCT_mk/hqdefault.jpg,171618,mAxjLoCT_mk,[비글부부] 뱃속에서 어땠냐고 물어봤는데ㅋㅋㅋ (feat. 험난한 준비과정 대공개)
54,2020-04-21T08:56:24Z,https://i.ytimg.com/vi/7wbZVFGEnAA/hqdefault.jpg,288664,7wbZVFGEnAA,[비글부부] 신혼여행 썰ㅋㅋㅋ(다시 돌아온 19금토크)
55,2020-04-17T09:00:17Z,https://i.ytimg.com/vi/JSOKUTmFL1E/hqdefault.jpg,121505,JSOKUTmFL1E,[비글부부] 말 많은 이 아저씨.. 진짜 어떡하죠
56,2020-04-09T08:51:47Z,https://i.ytimg.com/vi/gj0TQ5Mu_dc/hqdefault.jpg,421052,gj0TQ5Mu_dc,[비글부부] 형님부부 연애썰&필터링 없는 입담ㅋㅋㅋ
57,2020-04-07T09:15:01Z,https://i.ytimg.com/vi/rZ7ICDJ6FcU/hqdefault.jpg,153814,rZ7ICDJ6FcU,[비글부부] MBTI 검사했는데ㅋㅋㅋㅋㅋ반전ㅋㅋㅋㅋㅋ
58,2020-04-01T09:15:05Z,https://i.ytimg.com/vi/qyMSNQVWY10/hqdefault.jpg,298277,qyMSNQVWY10,[비글부부] 셋째 낳자니까 남편이 무시하네요...
59,2020-03-31T09:15:00Z,https://i.ytimg.com/vi/voDZojt_bBM/hqdefault.jpg,261592,voDZojt_bBM,[비글부부] 우리 엄마아빠 왜 이럴까요..
60,2020-03-27T10:02:24Z,https://i.ytimg.com/vi/mvHDFE_Iki8/hqdefault.jpg,145179,mvHDFE_Iki8,[비글부부] 아내 몰래 아들과 단둘이 찐데이트
61,2020-03-24T09:22:20Z,https://i.ytimg.com/vi/qOfO8yzlCPA/hqdefault.jpg,210137,qOfO8yzlCPA,[비글부부] 1000번 저어 계란후라이 만들어 아들에게 줘봤습니다.
62,2020-03-18T09:03:04Z,https://i.ytimg.com/vi/D9KhLezqIAU/hqdefault.jpg,232561,D9KhLezqIAU,[비글부부] 달고나 커피 만든다고 까불다가 일 저질렀습니다
63,2020-03-16T09:05:49Z,https://i.ytimg.com/vi/m-xGTjZM8Z4/hqdefault.jpg,828118,m-xGTjZM8Z4,[비글부부] 어른이들만 들어오세요.... feat.하준&큰아빠 캐미
64,2020-03-12T09:02:09Z,https://i.ytimg.com/vi/Rm8LDsDUT2s/hqdefault.jpg,754456,Rm8LDsDUT2s,[1탄] 셋째 계획한다 했더닠ㅋㅋㅋㅋ / 형님네와 먹방솔직토크
65,2020-03-10T09:15:01Z,https://i.ytimg.com/vi/V7-imbjeFhM/hqdefault.jpg,130729,V7-imbjeFhM,[비글부부] 집에서 홈트하다가 대판싸울뻔ㅋㅋㅋ
66,2020-03-09T09:13:24Z,https://i.ytimg.com/vi/t21T56L05gk/hqdefault.jpg,157477,t21T56L05gk,[비글부부] 집에만 갇혀있다가 답답해미쳐서 시골로 피신 브이로그
67,2020-03-05T09:45:37Z,https://i.ytimg.com/vi/XErkfw-jTG0/hqdefault.jpg,497794,XErkfw-jTG0,[비글부부] 부끄러움이라곤 1도없는 인간...
68,2020-03-02T09:37:12Z,https://i.ytimg.com/vi/xJR4oKhk2Qc/hqdefault.jpg,754241,xJR4oKhk2Qc,[비글부부] 자고 있는 아내 잠 깨우면 생기는 일 (feat.복수전)
69,2020-02-28T09:15:00Z,https://i.ytimg.com/vi/luYJ0hLr8ls/hqdefault.jpg,111576,luYJ0hLr8ls,[비글부부] 부부싸움하다 4년 전에 남편이 쓴 편지를 발견했습니다.
70,2020-02-26T09:04:49Z,https://i.ytimg.com/vi/z3ZHptKU_6s/hqdefault.jpg,133273,z3ZHptKU_6s,[비글부부] 피자 만들러 갔다가 뜻밖의 인내심 테스트ㅋㅋㅋ
71,2020-02-24T09:02:29Z,https://i.ytimg.com/vi/viket3WsP8o/hqdefault.jpg,528631,viket3WsP8o,[CCM COVER] 아이 둘 엄마가 부르는 ‘요게벳의 노래’ 커버 #하준맘찬양
72,2020-02-21T09:11:04Z,https://i.ytimg.com/vi/6R2cFiP-b-k/hqdefault.jpg,1069405,6R2cFiP-b-k,[비글부부] 하루종일 남편에게 뽀뽀했더니ㅋㅋㅋㅋ
73,2020-02-20T09:00:25Z,https://i.ytimg.com/vi/ChQWaFbpjRs/hqdefault.jpg,495491,ChQWaFbpjRs,[비글부부] 아내랑 남편이 동시에 육아하면 생기는 일
74,2020-02-18T09:06:33Z,https://i.ytimg.com/vi/SJIMjLTHZhM/hqdefault.jpg,124710,SJIMjLTHZhM,[비글부부] 병원브이로그/ 돈까스먹방/ 마스크필수
75,2020-02-14T09:00:10Z,https://i.ytimg.com/vi/iXfoiaU6To4/hqdefault.jpg,189133,iXfoiaU6To4,[비글부부] 교통사고 났는데 아내반응 실화??...
76,2020-02-12T09:00:33Z,https://i.ytimg.com/vi/yEu7N9m0fLY/hqdefault.jpg,299583,yEu7N9m0fLY,[비글부부] 둘째 낳고 산후우울증 걸린 것 같아요(몰카)
77,2020-02-10T13:52:35Z,https://i.ytimg.com/vi/5hfWFnrLfvA/hqdefault.jpg,288538,5hfWFnrLfvA,[비글부부] 10년만에 붙임머리로 긴생머리 해봤습니다!!
78,2020-02-07T08:56:26Z,https://i.ytimg.com/vi/9kANdk1hMt4/hqdefault.jpg,147810,9kANdk1hMt4,[비글부부] 드디어 벗었습니다... 장인어른과 목욕탕ㅋㅋㅋ (2탄)
79,2020-02-05T09:15:00Z,https://i.ytimg.com/vi/6od_nQAkowc/hqdefault.jpg,124960,6od_nQAkowc,[비글부부] 장인어른과 목욕탕 가고 싶어 안달난 사위ㅋㅋㅋㅋㅋㅋㅋ (1탄)
80,2020-02-03T10:56:45Z,https://i.ytimg.com/vi/oKQMt3sWPuI/hqdefault.jpg,475151,oKQMt3sWPuI,[비글부부] 눈물없이 볼 수 없는 독박육아 브이로그...
81,2020-02-02T11:28:48Z,https://i.ytimg.com/vi/5z_X5g9vK9c/hqdefault.jpg,74627,5z_X5g9vK9c,"백색소음 호로로롤 소리(1시간)| 아기울음 뚝, 수면유도 백색소리"
82,2020-01-31T09:01:28Z,https://i.ytimg.com/vi/DjFw_EUX-uk/hqdefault.jpg,514114,DjFw_EUX-uk,"[비글부부] 남편이 교회다니는 이유는? | 하나님을믿게된계기,과거얘기대방출"
83,2020-01-28T09:35:53Z,https://i.ytimg.com/vi/Z4GQ-a_4yeM/hqdefault.jpg,177783,Z4GQ-a_4yeM,[비글부부] 저희도 아무노래챌린지 해봤습니다.
84,2020-01-27T03:45:00Z,https://i.ytimg.com/vi/gAnv2cvlIys/hqdefault.jpg,281852,gAnv2cvlIys,[비글부부] 남편을 왁싱샵에 데려갔습니다ㅋㅋㅋㅋ
85,2020-01-23T12:54:07Z,https://i.ytimg.com/vi/nscRT1_iI9E/hqdefault.jpg,412574,nscRT1_iI9E,[비글부부] 여러분에게 밝힐 소식이 있습니다
86,2020-01-22T09:01:37Z,https://i.ytimg.com/vi/_aOWzygX-t8/hqdefault.jpg,493945,_aOWzygX-t8,[비글부부] 계약한 차가 아닌 중고차가 왔을 때 아빠의 반응ㅋㅋㅋ(2편)개꿀잼
87,2020-01-20T09:15:00Z,https://i.ytimg.com/vi/_GhjqEZLIc0/hqdefault.jpg,442591,_GhjqEZLIc0,"[비글부부] 하루에 8천만원 쓰고왔습니다(1편) /하준맘이 돈쓰는 법(감동,웃김주의)"
88,2020-01-17T09:01:15Z,https://i.ytimg.com/vi/k2as85scUZU/hqdefault.jpg,70975,k2as85scUZU,[비글부부] 유명하신분들을 몰라 뵀습니다...
89,2020-01-16T09:27:44Z,https://i.ytimg.com/vi/sAJcJmbOvTo/hqdefault.jpg,524950,sAJcJmbOvTo,"[비글부부] 남편 차에서 다른여자의 생리대가 나왔다면?(심각주의,놀램주의)"
90,2020-01-14T09:15:01Z,https://i.ytimg.com/vi/tq8KG08YStI/hqdefault.jpg,285800,tq8KG08YStI,[비글부부] 둘째출산 제왕절개 리얼 후기 들려드릴게요
91,2020-01-10T09:15:01Z,https://i.ytimg.com/vi/OSNwOK6G8Do/hqdefault.jpg,467292,OSNwOK6G8Do,[비글부부] 과연 동생이 집에 왔을 때 하준이는 질투할까???(반전주의)
92,2020-01-08T09:15:00Z,https://i.ytimg.com/vi/qkfcIyduLvk/hqdefault.jpg,359192,qkfcIyduLvk,[비글부부] 2019년 유튜브수익 & 기부금액 공개합니다!!!
93,2020-01-02T09:34:42Z,https://i.ytimg.com/vi/K3jo2pwlhg8/hqdefault.jpg,98090,K3jo2pwlhg8,[비글부부] 부부상담받으러 갔다왔어요.(feat.비글부부의 실체)
94,2019-12-30T09:15:01Z,https://i.ytimg.com/vi/VtMW_cxRRKY/hqdefault.jpg,1012505,VtMW_cxRRKY,[비글부부] 동생을 처음 본 첫째의 생각지도 못한 반응ㅋㅋㅋㅋ
95,2019-12-27T09:15:00Z,https://i.ytimg.com/vi/sc4JrBM8Jj8/hqdefault.jpg,108862,sc4JrBM8Jj8,[비글부부] 아빠한테 과자달라고 온갖애교부리는 3살아들ㅋㅋㅋㅋㅋ
96,2019-12-26T09:00:49Z,https://i.ytimg.com/vi/AgGVeCuXRpg/hqdefault.jpg,61977,AgGVeCuXRpg,"[비글부부] 아빠의 첫 해외여행, 제가 비즈니스 태워드렸습니다"
97,2019-12-24T09:15:01Z,https://i.ytimg.com/vi/CdPxjh_Qz8Y/hqdefault.jpg,192388,CdPxjh_Qz8Y,[비글부부] 작년 영상 기억하시나요?? 3살 아들 탄산수 재도전!! #화제의영상 #1년전비교
98,2019-12-20T09:12:17Z,https://i.ytimg.com/vi/0bxr8AoTbzI/hqdefault.jpg,751517,0bxr8AoTbzI,[출산브이로그] 드디어 둘째 출산했습니다..(feat.제왕절개)
99,2019-12-17T09:15:00Z,https://i.ytimg.com/vi/xG48sbV96OQ/hqdefault.jpg,126041,xG48sbV96OQ,[비글부부] 육아에 지친 제 친구를 여신으로 확 변신시켰습니다  #취직축하 #이벤트
100,2019-12-13T09:15:01Z,https://i.ytimg.com/vi/Zeto3VazobA/hqdefault.jpg,281340,Zeto3VazobA,[비글부부] 만삭 촬영하다 애 낳을뻔했어요
101,2019-12-11T10:16:43Z,https://i.ytimg.com/vi/86JQNsWq8SY/hqdefault.jpg,326497,86JQNsWq8SY,[둘째출산준비] 이번주 드디어 출산합니다!! #마지막_산부인과_브이로그_
102,2019-12-06T09:15:00Z,https://i.ytimg.com/vi/Klc5j_8kNTI/hqdefault.jpg,123266,Klc5j_8kNTI,[막달검사] 둘째는 절 닮은 것 같아요 #37주입체초음파
103,2019-12-04T10:07:32Z,https://i.ytimg.com/vi/C0YBsrN5J98/hqdefault.jpg,517720,C0YBsrN5J98,[비글부부] 만삭에 셀프 브라질리언 왁싱 하다 죽다 살아났습니다..(만삭임산부)
104,2019-12-03T10:23:07Z,https://i.ytimg.com/vi/cXNzYDaRJyg/hqdefault.jpg,356847,cXNzYDaRJyg,[비글부부] 출산 전에 단 둘이 달달하게 데이트했어요.
105,2019-11-29T09:15:00Z,https://i.ytimg.com/vi/-fHBX4TBGRI/hqdefault.jpg,117164,-fHBX4TBGRI,[육아상담]20대 아빠들이 육아상담해드릴게요!&육아꿀팁
106,2019-11-28T08:52:18Z,https://i.ytimg.com/vi/mqyhk2w7wso/hqdefault.jpg,364203,mqyhk2w7wso,[비글부부] 3살아들 만삭인 엄마 깨우는 방법ㅋㅋㅋㅋㅋㅋ
107,2019-11-21T10:00:11Z,https://i.ytimg.com/vi/Ftr6OGHDU4g/hqdefault.jpg,261502,Ftr6OGHDU4g,[비글부부] 처음 놀이기구를 타본 3살 아기 반응ㅠㅠ (하준아미안해ㅋㅋㅋ)
108,2019-11-19T09:05:18Z,https://i.ytimg.com/vi/Qcb9LCgIrsk/hqdefault.jpg,45910,Qcb9LCgIrsk,[비글부부] 여러분들 덕분에 하준파파 곧 가수 데뷔합니다...
109,2019-11-15T09:02:30Z,https://i.ytimg.com/vi/Cj13CSb7kKQ/hqdefault.jpg,89454,Cj13CSb7kKQ,[태교여행 최종편] 블라디보스톡에서 가장 무서운 놀이기구를 타봤습니다
110,2019-11-14T09:13:11Z,https://i.ytimg.com/vi/f1AZlUyBeX4/hqdefault.jpg,71345,f1AZlUyBeX4,[비글부부] 컨텐츠 회의를 하려고 모였는데.....ㅋㅋㅋㅋ
111,2019-11-13T09:01:36Z,https://i.ytimg.com/vi/_P2Up-FtjJk/hqdefault.jpg,157400,_P2Up-FtjJk,[둘째 출산 준비] 초음파로 동생 처음 본 첫째 하준이의 반응은?
112,2019-11-08T09:33:24Z,https://i.ytimg.com/vi/s2w7XjNC0zw/hqdefault.jpg,48701,s2w7XjNC0zw,[비글부부] 최고의 디자이너 분께 최고의 임신선물을 받았어요
113,2019-11-07T09:11:02Z,https://i.ytimg.com/vi/33FRPbbDJQ0/hqdefault.jpg,453118,33FRPbbDJQ0,[비글부부] 우리가족 영어실력 공개할게요 #하준파파 #하준맘 #하준이
114,2019-11-05T11:22:50Z,https://i.ytimg.com/vi/3r8qPVewO9o/hqdefault.jpg,187197,3r8qPVewO9o,[둘째출산준비] 저희... 출산날짜 잡고왔어요....(하준맘무룩)
115,2019-10-31T11:22:21Z,https://i.ytimg.com/vi/O554YKZNHcA/hqdefault.jpg,153701,O554YKZNHcA,[태교여행 3탄] 아들에게 여러 번 외면당한 날 ..(feat.가피디에게 아들을 뺏기다)
116,2019-10-25T09:03:46Z,https://i.ytimg.com/vi/mXk9M8snwc8/hqdefault.jpg,260232,mXk9M8snwc8,[태교여행 2탄] 자기야. 자기전에 제발 이쁘다고하지마 (feat.6년차부부의대화)
117,2019-10-23T09:02:03Z,https://i.ytimg.com/vi/Zxv1m1CHiUY/hqdefault.jpg,379173,Zxv1m1CHiUY,[태교여행 1탄] 출발 전 공항에서 진짜 화난 남편....(우리..여행가능?)
118,2019-10-18T08:52:54Z,https://i.ytimg.com/vi/YYUQVuAx1ws/hqdefault.jpg,257311,YYUQVuAx1ws,[비글부부] 남편을 임신시켰습니다
119,2019-10-16T09:29:58Z,https://i.ytimg.com/vi/ONTJQo3mM0E/hqdefault.jpg,626255,ONTJQo3mM0E,[막달 임산부] 둘째 출산 예정일 급 앞당겨졌어요.....또르르ㅠㅠ (feat.임당검사)
120,2019-10-11T09:15:00Z,https://i.ytimg.com/vi/T3X6XqZSjik/hqdefault.jpg,192537,T3X6XqZSjik,[비글부부] 아이 키우는 집은 공감하는 흔한 아침풍경
121,2019-10-09T05:15:01Z,https://i.ytimg.com/vi/tdKQK_8g-d8/hqdefault.jpg,311983,tdKQK_8g-d8,[정신없는 랜선집들이] 비글부부 이사한 집 공개할게요.
122,2019-10-07T10:07:33Z,https://i.ytimg.com/vi/q7xURfQgg2U/hqdefault.jpg,171006,q7xURfQgg2U,[비글부부] 일춘기 3살 아들과 일일 데이트 했어요. (남편없인 힘들어)
123,2019-10-03T04:15:01Z,https://i.ytimg.com/vi/sdKU3JIN8sI/hqdefault.jpg,271646,sdKU3JIN8sI,"[명품백 언박싱] 아내 임신 선물로 사준 명품백, 제가 먼저 매봤습니다."
124,2019-10-01T09:13:56Z,https://i.ytimg.com/vi/1TZJCjL0nB4/hqdefault.jpg,196526,1TZJCjL0nB4,[비글부부] 임신 7개월 차 워킹맘 밀린 집안일 청소하기(이러다 애 나올 듯)
125,2019-09-26T09:15:01Z,https://i.ytimg.com/vi/GVlyke8eVc4/hqdefault.jpg,160704,GVlyke8eVc4,[임신7개월차] 둘째얼굴최초공개합니다!! (입체초음파)
126,2019-09-24T09:06:31Z,https://i.ytimg.com/vi/sdoRlxxIpvM/hqdefault.jpg,141226,sdoRlxxIpvM,[비글부부] 방귀를 트지않은 신혼부부는 꼭 보세요(전수해드림)
127,2019-09-20T08:56:03Z,https://i.ytimg.com/vi/tmfNZi2XKuw/hqdefault.jpg,115372,tmfNZi2XKuw,[비글부부] 자고있는 하준이 깨우지 않고 양치시키기 미션
128,2019-09-18T09:30:04Z,https://i.ytimg.com/vi/vZb_oxcxdKc/hqdefault.jpg,112865,vZb_oxcxdKc,[비글부부] 3살 하준이의 엉아되기 연습 육아도전기!!
129,2019-09-17T09:28:34Z,https://i.ytimg.com/vi/FvJ3EAJ7an4/hqdefault.jpg,52783,FvJ3EAJ7an4,[비글부부] 워킹맘들에게 추천드리고 싶은 필수템!!
130,2019-09-13T09:15:00Z,https://i.ytimg.com/vi/-9RgqCkDTdk/hqdefault.jpg,478281,-9RgqCkDTdk,[비글부부] 형님이 알려주는 충격적인 출산이야기
131,2019-09-09T08:59:24Z,https://i.ytimg.com/vi/fjEDjoYguWo/hqdefault.jpg,185184,fjEDjoYguWo,[비글부부] 정신없는 하준이의 두 돌 생일파티 vlog
132,2019-09-06T09:05:12Z,https://i.ytimg.com/vi/O9-sWdJDiww/hqdefault.jpg,229177,O9-sWdJDiww,[남편들주목] 임신한 아내에게 사랑받는법 알려드릴게요
133,2019-09-03T08:56:03Z,https://i.ytimg.com/vi/0sykBb7rbko/hqdefault.jpg,245643,0sykBb7rbko,[비글부부] 밀폐된 공간에서 아내가 방귀 꼈을 때 남편의 현실반응
134,2019-08-29T08:55:40Z,https://i.ytimg.com/vi/XqVJmael1qc/hqdefault.jpg,260045,XqVJmael1qc,[비글부부] 사이좋게 잘 놀다가 갑자기 왜 싸웠을까?
135,2019-08-26T09:20:40Z,https://i.ytimg.com/vi/J8OY2JGs02g/hqdefault.jpg,112077,J8OY2JGs02g,[비글부부] 아내 앞에서 말 조심해야 하는 이유ㅋㅋㅋㅋㅋ
136,2019-08-23T09:36:23Z,https://i.ytimg.com/vi/xUvI62J1H9M/hqdefault.jpg,204836,xUvI62J1H9M,[비글부부] 제 아들보다 많이 먹는 사람 나와봐요..
137,2019-08-14T08:49:09Z,https://i.ytimg.com/vi/-R_4wJbNIA4/hqdefault.jpg,105241,-R_4wJbNIA4,[비글부부] 칠성사이다만 마시는 아내한테 눈감고 맞춰보라고 해봤습니다
138,2019-08-12T10:23:03Z,https://i.ytimg.com/vi/LkGec3HgSvI/hqdefault.jpg,60254,LkGec3HgSvI,[비글부부] 이 컨텐츠는 처음이자 마지막영상입니다..
139,2019-08-08T09:05:16Z,https://i.ytimg.com/vi/mGUnruAem4U/hqdefault.jpg,1053406,mGUnruAem4U,[몰카] 예쁜여자가 남편에게 다가와서 번호 물어봤을 때 남편의 반응은?
140,2019-08-06T11:09:01Z,https://i.ytimg.com/vi/StXxacoiTXk/hqdefault.jpg,283056,StXxacoiTXk,[둘째출산준비] 17w3d 혹시나 딸일지 몰라서 산부인과에 방문했습니다…feat. 아들도 좋아요
141,2019-07-30T11:36:43Z,https://i.ytimg.com/vi/rlkhm2ffKFI/hqdefault.jpg,154561,rlkhm2ffKFI,[편집자와게임] 두리안먹기 게임하다 서로 속옷 색깔 보여주기 까짘ㅋㅋㅋㅋㅋㅋㅋ
142,2019-07-26T11:41:08Z,https://i.ytimg.com/vi/7TMku7BKJzA/hqdefault.jpg,130522,7TMku7BKJzA,[비글부부] 부자끼리 놀러 갔다가 익어서 왔습니다
143,2019-07-24T09:12:45Z,https://i.ytimg.com/vi/kY-di0Lvmnw/hqdefault.jpg,566280,kY-di0Lvmnw,[둘째출산준비] 임신16주..둘째 성별 나왔어요.
144,2019-07-22T09:16:14Z,https://i.ytimg.com/vi/bYH3oILupeE/hqdefault.jpg,192519,bYH3oILupeE,[비글부부] 아내에게 깜짝이벤트해줬다가 빡쳐죽는 줄 알았습니다.
145,2019-07-18T09:02:31Z,https://i.ytimg.com/vi/Lkz1HU1UU7Q/hqdefault.jpg,118479,Lkz1HU1UU7Q,[비글부부] 세계3대 혐오음식 곤계란을 먹어봤습니다 (#약혐주의 #베트남 #전통시장 #길거리먹방)
146,2019-07-16T09:46:38Z,https://i.ytimg.com/vi/PKYhMfx0jnU/hqdefault.jpg,434544,PKYhMfx0jnU,[육아브이로그] 혼자하는 육아/ 신개념육퇴법/겁나힘듦주의
147,2019-07-12T09:07:05Z,https://i.ytimg.com/vi/KMumpP8Mb2w/hqdefault.jpg,209049,KMumpP8Mb2w,[호캉스vlog] 호텔에서 만났던 구독자님..정말 죄송했습니다
148,2019-07-11T09:05:04Z,https://i.ytimg.com/vi/Obq5JpxZkgM/hqdefault.jpg,62147,Obq5JpxZkgM,[비글부부] 아버지..제가 이제야 효도합니다.. #감동박살주의
149,2019-07-10T09:13:17Z,https://i.ytimg.com/vi/6WlGxqWq7r0/hqdefault.jpg,38431,6WlGxqWq7r0,[비글부부] 베트남 톱스타 아기들이 불닭볶음면 먹었을 때 반응(반전ㅋㅋ) |  Korean Spicy noodle Challenge
150,2019-07-09T09:35:59Z,https://i.ytimg.com/vi/xI_ryJGZpq0/hqdefault.jpg,1767118,xI_ryJGZpq0,(Q&A 2탄) 하준파파의 성욕을 다스리는 하준맘의 노하우
151,2019-07-05T08:59:44Z,https://i.ytimg.com/vi/VIJInpAkR78/hqdefault.jpg,108534,VIJInpAkR78,[비글부부] 코코넛을 처음 맛 본 세살아기의 반응
152,2019-07-04T09:07:23Z,https://i.ytimg.com/vi/e6C1IsSxiss/hqdefault.jpg,471496,e6C1IsSxiss,"비글부부 Q&A 1탄!! (하준파파의 본명공개,하준이동생이름은?가장크게싸운날은?)"
153,2019-06-28T09:15:02Z,https://i.ytimg.com/vi/YvzBcvg7j1M/hqdefault.jpg,285098,YvzBcvg7j1M,[비글부부] 베트남 럭셔리 풀빌라 리조트에서 피터지게 싸웠습니다
154,2019-06-26T10:12:19Z,https://i.ytimg.com/vi/B9-3v7SiI0A/hqdefault.jpg,107132,B9-3v7SiI0A,[비글부부] 김해 할머니네 놀러간 3살아들l뽀로로퍼레이드l하준이 첫뽀뽀🧡
155,2019-06-24T09:06:41Z,https://i.ytimg.com/vi/i6krpNYk6cw/hqdefault.jpg,751948,i6krpNYk6cw,[비글부부] 야밤에 아내한테 뽀뽀해 달라고 했더니 예상치 못한 반응이...
156,2019-06-21T09:11:35Z,https://i.ytimg.com/vi/fghG-UMx-rU/hqdefault.jpg,116424,fghG-UMx-rU,[비글부부] 겁쟁이 아빠가 겁쟁이 아들에게 알려주는 두려움 극복하는 법ㅋㅋㅋㅋ
157,2019-06-20T09:32:58Z,https://i.ytimg.com/vi/s7bV0_sw_oQ/hqdefault.jpg,106482,s7bV0_sw_oQ,[비글부부] 세살아이와 아빠없이 엄마들끼리 떠난 오사카여행... #할많하않
158,2019-06-17T09:29:05Z,https://i.ytimg.com/vi/y5R_NAnVIyk/hqdefault.jpg,533321,y5R_NAnVIyk,[비글부부] 베트남 짝퉁시장에서 자신있게 흥정하다가 퇴짜맞았어요...
159,2019-06-11T09:37:42Z,https://i.ytimg.com/vi/1XzxVEm6XPk/hqdefault.jpg,90330,1XzxVEm6XPk,[QnA] 하준이가 마음에 안드는 예비신부를 데리고 온다면 허락하실건가요?/상견례비하인드
160,2019-06-10T12:33:37Z,https://i.ytimg.com/vi/EpPdYKoS7F8/hqdefault.jpg,2605036,EpPdYKoS7F8,[비글부부] 베트남 귀청소. 절 내려놨어요.. (200%리얼)
161,2019-06-05T09:13:40Z,https://i.ytimg.com/vi/OJdBogg7YE4/hqdefault.jpg,76104,OJdBogg7YE4,[비글부부] 버거킹에서 롯데리아 햄버거를 먹는다고??? (#대반전주의)
162,2019-06-03T10:57:05Z,https://i.ytimg.com/vi/cuXEeh9bXEk/hqdefault.jpg,141634,cuXEeh9bXEk,[비글부부] 비글부부의 둘째계획?!(둘째생기면 남편이 oo해준대요..)
163,2019-06-01T14:35:04Z,https://i.ytimg.com/vi/jwZ2Z36SFk4/hqdefault.jpg,120114,jwZ2Z36SFk4,아들!! 엄마가 그렇게 싫어...?(세살 아들의 충격고백)
164,2019-05-30T09:02:32Z,https://i.ytimg.com/vi/AgGVovRlqnA/hqdefault.jpg,285138,AgGVovRlqnA,[비글부부] 이제 시댁 못 가요...(어머니 죄송합니다)
165,2019-05-28T10:45:02Z,https://i.ytimg.com/vi/FjzK5HmbByQ/hqdefault.jpg,68001,FjzK5HmbByQ,[비글부부] 아빠가 책 읽어줄 때 3살아들의 반응ㅋㅋㅋㅋㅋ (투머치토커)
166,2019-05-24T09:10:44Z,https://i.ytimg.com/vi/r7nJ0nVcJQY/hqdefault.jpg,56086,r7nJ0nVcJQY,[비글부부] 장인어른이 알려준 살벌한 졸음운전 100% 예방법ㅋㅋㅋㅋ
167,2019-05-22T03:08:34Z,https://i.ytimg.com/vi/DXbBpuwkPoY/hqdefault.jpg,22986,DXbBpuwkPoY,[1분파파] 요즘 제 삶의 낙은 이것입니다...(감동주의)
168,2019-05-20T12:52:32Z,https://i.ytimg.com/vi/iD55_z14vWs/hqdefault.jpg,198694,iD55_z14vWs,[비글부부] 심리테스트로 알아본 하준파파의 성욕 (너무 정확하다 이거ㅋㅋㅋㅋㅋㅋ)
169,2019-05-16T11:15:10Z,https://i.ytimg.com/vi/WqtfeI0Kpco/hqdefault.jpg,151513,WqtfeI0Kpco,[비글부부] 음료 한 번 뺏어 먹었다가 부부싸움 날 뻔 했습니다
170,2019-05-13T10:06:56Z,https://i.ytimg.com/vi/JQ__BRL0iAQ/hqdefault.jpg,53661,JQ__BRL0iAQ,[1분파파] 남편에게 아내에 대한 불만을 말해보라고 했다
171,2019-05-10T08:57:13Z,https://i.ytimg.com/vi/vUN5NOhMOyk/hqdefault.jpg,49092,vUN5NOhMOyk,[비글부부] 인테리어 사장님께 말도안되는 제안을 했더니ㅋㅋㅋ
172,2019-05-09T10:38:10Z,https://i.ytimg.com/vi/56IF-TFCpdA/hqdefault.jpg,35737,56IF-TFCpdA,[비글부부] 구하기 힘들다는 해외직구 육아템...리뷰하겠습니다
173,2019-05-08T09:04:03Z,https://i.ytimg.com/vi/PpO1Wq5Myho/hqdefault.jpg,138421,PpO1Wq5Myho,[비글부부] 5년간 결혼생활하며 느낀 점&부부싸움 개선방법
174,2019-05-07T08:52:26Z,https://i.ytimg.com/vi/3HaKMleUkJs/hqdefault.jpg,97002,3HaKMleUkJs,[비글부부] 저희 남편은 돈 쓰면서 고생하는 타입이에요...
175,2019-05-03T09:15:00Z,https://i.ytimg.com/vi/vyXFy5GUdU8/hqdefault.jpg,88548,vyXFy5GUdU8,[비글부부] 키 183cm 아들이랑 라쿤카페 갔다왔어요ㅋㅋㅋ
176,2019-05-02T09:45:12Z,https://i.ytimg.com/vi/iYfss7fAZ18/hqdefault.jpg,72092,iYfss7fAZ18,[비글부부] 인스타그램하는 아내를 둔 남편의 비하인드
177,2019-04-30T09:15:00Z,https://i.ytimg.com/vi/mbazZe3GmK8/hqdefault.jpg,148620,mbazZe3GmK8,[비글부부]4년만에 찾아온 웨딩앨범 3살아들과 같이보기...ㅋㅋㅋㅋ
178,2019-04-29T11:56:14Z,https://i.ytimg.com/vi/_8e2OEfrO0k/hqdefault.jpg,87868,_8e2OEfrO0k,3살 된 아들을 훈련시키는 아빠조교ㅋㅋㅋㅋㅋ
179,2019-04-29T09:02:46Z,https://i.ytimg.com/vi/m1b2gu5CrNg/hqdefault.jpg,447425,m1b2gu5CrNg,[비글부부] 남편이 결국 ...제 멱살을 잡았습니다.
180,2019-04-26T09:25:56Z,https://i.ytimg.com/vi/2u6vGMBqAYI/hqdefault.jpg,193362,2u6vGMBqAYI,[비글부부] 평소 안 하던 짓 했을 때의 남편반응....(괜히 시작했다)
181,2019-04-25T09:11:16Z,https://i.ytimg.com/vi/PUb2f-VNomI/hqdefault.jpg,63122,PUb2f-VNomI,[비글부부] 저는 아싸인가봐요...(일생가???)
182,2019-04-24T09:19:10Z,https://i.ytimg.com/vi/U2XZWuGiELM/hqdefault.jpg,74145,U2XZWuGiELM,[비글부부] 식욕억제제 먹은 후기 (4년전 찍은 영상 찾음..)
183,2019-04-23T09:59:37Z,https://i.ytimg.com/vi/IxwGy2RwarI/hqdefault.jpg,599152,IxwGy2RwarI,[비글부부] 하준파파가 제일 싫어하는 행동을 해보았습니다..(부부싸움주의)
184,2019-04-22T09:04:03Z,https://i.ytimg.com/vi/d4AdmPKwBgY/hqdefault.jpg,42968,d4AdmPKwBgY,[비글부부]신제품 대놓고 광고합니다. 선크림 사주세요.(신박한 광고)
185,2019-04-22T07:57:43Z,https://i.ytimg.com/vi/t17LA52bRSw/hqdefault.jpg,16811,t17LA52bRSw,[비글부부]  돈 벌기 힘들다...(선크림메이킹)
186,2019-04-20T04:00:02Z,https://i.ytimg.com/vi/mpyYqzIoNgk/hqdefault.jpg,200046,mpyYqzIoNgk,[비글부부] 애간장 태우는 아들ㅋㅋㅋ(나랑 밀당하니?)
187,2019-04-19T08:48:50Z,https://i.ytimg.com/vi/NoAfJwQa-kg/hqdefault.jpg,63127,NoAfJwQa-kg,[비글부부] CD를 집어삼킨듯한 비글부부의 라이브ㅋㅋ
188,2019-04-18T09:15:00Z,https://i.ytimg.com/vi/Xok0cfdGmyA/hqdefault.jpg,65965,Xok0cfdGmyA,[비글부부] 비글부부가 보는 뷸륜과 부부의 차이점
189,2019-04-16T09:15:01Z,https://i.ytimg.com/vi/SscAvsdWaPg/hqdefault.jpg,41832,SscAvsdWaPg,[비글부부] 필리핀 친구와 필리핀회화 배우기 (이거 어떡하냨ㅋㅋㅋㅋㅋ)
190,2019-04-15T10:05:24Z,https://i.ytimg.com/vi/tThZhw56tf4/hqdefault.jpg,346840,tThZhw56tf4,[비글부부] 5년 차 부부의 스킨십하는 남다른 방법 ㅋㅋㅋㅋㅋ
191,2019-04-13T10:50:29Z,https://i.ytimg.com/vi/ptH-iTHA0SI/hqdefault.jpg,49420,ptH-iTHA0SI,똥누기3초전창법ㅋㅋㅋㅋㅋ(김범수노래맞냐)
192,2019-04-13T05:45:00Z,https://i.ytimg.com/vi/8rWuxX3hbZc/hqdefault.jpg,214628,8rWuxX3hbZc,[비글부부] 육아빠의 남다른 예비군썰..(현실부부대화)
193,2019-04-12T09:15:00Z,https://i.ytimg.com/vi/TX5UTEyK9WE/hqdefault.jpg,112791,TX5UTEyK9WE,[비글부부] 여러분.... 저 했습니다 #최초공개
194,2019-04-12T02:43:42Z,https://i.ytimg.com/vi/CsvqGuPuDsQ/hqdefault.jpg,108834,CsvqGuPuDsQ,[비글부부]저녁 먹으면서 라방해요.(풀버전)
195,2019-04-11T10:15:01Z,https://i.ytimg.com/vi/zQYy5LRTT7Y/hqdefault.jpg,75590,zQYy5LRTT7Y,[비글부부] 착한남편의 이중적인 모습...(이러기있냐)
196,2019-04-10T09:15:01Z,https://i.ytimg.com/vi/OJKBtlTsngo/hqdefault.jpg,1048174,OJKBtlTsngo,[비글부부] 그동안 말하지 못했던… 5년 전 연애스토리 풉니다.
197,2019-04-09T09:42:05Z,https://i.ytimg.com/vi/kvRfrKVJq_A/hqdefault.jpg,492335,kvRfrKVJq_A,[비글부부] 5년차 20대 부부가 스트레스 푸는 법ㅋㅋㅋㅋㅋ(하준아 놀래지마라)
198,2019-04-08T09:49:00Z,https://i.ytimg.com/vi/cG3BU2qRN28/hqdefault.jpg,162091,cG3BU2qRN28,[비글부부] 하준이방 놀러오실래요? (랜선 룸투어)
199,2019-04-06T09:11:08Z,https://i.ytimg.com/vi/hKzdhXNpw6Y/hqdefault.jpg,170207,hKzdhXNpw6Y,180도 열창한 안씻은 엄마를 보고 놀랜 아들반응ㅋㅋㅋㅋㅋㅋ
200,2019-04-05T10:32:30Z,https://i.ytimg.com/vi/olOHXSWjX_s/hqdefault.jpg,88531,olOHXSWjX_s,[비글부부] 비글스러운 직원들이 준비한 하준맘의 깜짝 생일파티ㅋㅋㅋ
201,2019-04-02T03:15:00Z,https://i.ytimg.com/vi/dMTLAVc2jH4/hqdefault.jpg,55817,dMTLAVc2jH4,[비글부부] 하준이 때문에 간 모터쇼. 우리가 더 신났다ㅋㅋㅋㅋㅋㅋㅋㅋ
202,2019-04-01T12:36:31Z,https://i.ytimg.com/vi/fG6uassl-Uk/hqdefault.jpg,99163,fG6uassl-Uk,[세살인생] 내 나이 18개월..이제 슬슬 말을 해볼까 합니다
203,2019-03-29T03:06:27Z,https://i.ytimg.com/vi/yJUw7LOyvXc/hqdefault.jpg,209016,yJUw7LOyvXc,[비글부부] 엄마한테 나가서 놀자고 떼쓰는 아들...(엄마힘들다ㅠㅠ)
204,2019-03-28T09:09:05Z,https://i.ytimg.com/vi/HOEMTPn3dpk/hqdefault.jpg,171210,HOEMTPn3dpk,[비글부부] 3살아기 황하준 주말브이로그 (2편)
205,2019-03-22T09:40:49Z,https://i.ytimg.com/vi/QTbek1DTPMM/hqdefault.jpg,111981,QTbek1DTPMM,[비글부부] 세상에 하나밖에 없는 장인어른 레시피...
206,2019-03-21T10:04:39Z,https://i.ytimg.com/vi/-tLXDbNJHc4/hqdefault.jpg,192981,-tLXDbNJHc4,[비글부부] 3살아기 황하준 주말브이로그 (1편)
207,2019-03-14T10:31:07Z,https://i.ytimg.com/vi/xtrlrVYDBjA/hqdefault.jpg,95988,xtrlrVYDBjA,하준이가 하준이 영상 볼때 반응 (세살인생모니터링중ㅋㅋㅋ)
208,2019-03-14T09:13:45Z,https://i.ytimg.com/vi/ijbi4USx0tM/hqdefault.jpg,338460,ijbi4USx0tM,[세살인생] 3살아기한테  어린이집 첫등원 어땠냐고 물어봤습니다…(너무 신난거 아니냐)
209,2019-03-11T09:49:11Z,https://i.ytimg.com/vi/9vjSIjUmEbA/hqdefault.jpg,55902,9vjSIjUmEbA,[비글부부] 4대가 함께하는 잔잔한 나들이 브이로그
210,2019-03-08T09:25:19Z,https://i.ytimg.com/vi/NYvKKq6HuPM/hqdefault.jpg,43265,NYvKKq6HuPM,[비글부부] 하준파파가 조카를 투명인간으로 만들었어요ㅋㅋ(조카반응반전주의)
211,2019-03-06T09:49:08Z,https://i.ytimg.com/vi/FhvzGVA3Zo8/hqdefault.jpg,140506,FhvzGVA3Zo8,[비글부부] 하준이가 가장 싫어하는 곳에 갔어요....(어쩔수없어 미안해)
212,2019-03-01T04:15:02Z,https://i.ytimg.com/vi/o2MUtjiPNNs/hqdefault.jpg,77169,o2MUtjiPNNs,[비글부부]직원들이 비글부부 책상을 습격하다!!(*더러움주의ㅋㅋㅋㅋ)
213,2019-02-27T09:33:03Z,https://i.ytimg.com/vi/A1_toS78Zrg/hqdefault.jpg,97073,A1_toS78Zrg,[비글부부]  하준이는 아기때 이거먹고 컸어요
214,2019-02-22T09:15:00Z,https://i.ytimg.com/vi/vg5Ihq1gVrA/hqdefault.jpg,130046,vg5Ihq1gVrA,[세살인생] 3살아기가 장난감보다 더 좋아하는 것은?ㅋㅋㅋㅋ (#최애템)
215,2019-02-21T09:34:27Z,https://i.ytimg.com/vi/WAi9vKZJDhY/hqdefault.jpg,142348,WAi9vKZJDhY,[비글부부] 시댁만 오면 시골스러워지는 하준이네 브이로그
216,2019-02-18T09:15:00Z,https://i.ytimg.com/vi/9FrymMlkUrU/hqdefault.jpg,160495,9FrymMlkUrU,[비글부부] 회사 첫 출근날 난감한 질문을 받았다.
217,2019-02-13T09:09:14Z,https://i.ytimg.com/vi/qYl4UdbaiEA/hqdefault.jpg,120423,qYl4UdbaiEA,[세살인생] 황회장님 오랜만에 사무실 방문하셨습니다!
218,2019-02-13T02:53:48Z,https://i.ytimg.com/vi/9v95pTu85_s/hqdefault.jpg,51690,9v95pTu85_s,[비글부부] 직원이 황금알을 신제품으로 출시하자고 했을 때 하준맘 반응ㅋㅋㅋ (#몰래카메라)
219,2019-02-08T04:48:02Z,https://i.ytimg.com/vi/2ZCyv2r0azA/hqdefault.jpg,384179,2ZCyv2r0azA,[비글부부] 3살 아기에게 자고있는 아빠를 깨우라고 시켰더니....?
220,2019-02-02T13:30:00Z,https://i.ytimg.com/vi/jOL0B9avTpE/hqdefault.jpg,64680,jOL0B9avTpE,[비글부부] 주부9단 하준파가 가전제품매장을 가면 생기는일 (feat.태화니키즈카페)
221,2019-02-01T10:29:26Z,https://i.ytimg.com/vi/C2PeR-yO3PQ/hqdefault.jpg,180103,C2PeR-yO3PQ,[비글부부] 엄마 아빠가 울 때 3살 아기 하준이의 반응은?
222,2019-01-22T09:15:00Z,https://i.ytimg.com/vi/kIylI3YHRU4/hqdefault.jpg,224046,kIylI3YHRU4,[비글부부] 엄마아빠가 사라졌다! 엄빠없이 잘 살아 (feat.황회장)
223,2019-01-20T00:49:04Z,https://i.ytimg.com/vi/Kxa_Q934hUE/hqdefault.jpg,70781,Kxa_Q934hUE,[비글부부] 자는 남편에게 몰카하면 생기는 일ㅋㅋㅋㅋ이게 바로 현실반응..
224,2019-01-18T15:44:27Z,https://i.ytimg.com/vi/VJE9IllrN1Q/hqdefault.jpg,769544,VJE9IllrN1Q,"(ENG) (VN) [비글부부] 10일만에 아빠엄마를 본 아들반응 | 아이폰촬영, 일상 브이로그"
225,2019-01-16T11:58:12Z,https://i.ytimg.com/vi/0m5LFAq7TqE/hqdefault.jpg,333576,0m5LFAq7TqE,[비글부부]남편 샤워하다가 욕실이 피범벅 됐습니다(반전주의)
226,2019-01-14T09:15:00Z,https://i.ytimg.com/vi/97XbW4IgdHI/hqdefault.jpg,187134,97XbW4IgdHI,[비글부부] 3살 아기들한테 이놈! 했을 때 아가들 반응은?
227,2019-01-11T07:27:45Z,https://i.ytimg.com/vi/lfvANqCU-cc/hqdefault.jpg,169425,lfvANqCU-cc,[세살인생] 딸최몇? 누나엉아들 딸기 최대 몇 개 가능?
228,2019-01-08T09:15:00Z,https://i.ytimg.com/vi/U0WZufSPTQk/hqdefault.jpg,51824,U0WZufSPTQk,[비글부부]겨울에 제주도 가지 마세요....
229,2019-01-04T09:15:01Z,https://i.ytimg.com/vi/K_S0ox3ME5U/hqdefault.jpg,47047,K_S0ox3ME5U,"[비글부부]100점남편!! 하준파파, 알고보니 경우없는 사람??? #하준아빠_실체공개?"
230,2019-01-03T08:27:43Z,https://i.ytimg.com/vi/F6ms6EwJObQ/hqdefault.jpg,128346,F6ms6EwJObQ,[두살인생] 오늘 4화를 끝으로 두살인생 마지막 영상입니다...그동안 감사했어요..
231,2018-12-31T09:15:00Z,https://i.ytimg.com/vi/l8lhzDFDJEw/hqdefault.jpg,50734,l8lhzDFDJEw,[비글부부]저희가 올해 베스트커플상 받았어요!!!!!(차은우 실물 대박 ㅠㅠㅠ)
232,2018-12-27T09:16:28Z,https://i.ytimg.com/vi/bjXc_2--3AE/hqdefault.jpg,34462,bjXc_2--3AE,[비글부부] 화니네 빨래방 (feat. 그랑데 16kg)
233,2018-12-25T02:30:00Z,https://i.ytimg.com/vi/HSyJBYpcS-4/hqdefault.jpg,99984,HSyJBYpcS-4,[비글부부]누군데 우리 아들 찾으러왔죠..?
234,2018-12-20T11:14:33Z,https://i.ytimg.com/vi/orkJEx-sfxY/hqdefault.jpg,31190,orkJEx-sfxY,[비글부부] 저희가 여러분들의 산타클로스가 되어드릴게요!!
235,2018-12-18T09:05:46Z,https://i.ytimg.com/vi/1jLjGPsVhc0/hqdefault.jpg,583634,1jLjGPsVhc0,[비글부부] 불륜 인정한다는 아내 말에 남편 반응(최초부부싸움!?)
236,2018-12-14T09:15:00Z,https://i.ytimg.com/vi/L7vIFajPjqQ/hqdefault.jpg,124906,L7vIFajPjqQ,[두살인생] 한창 안마의자 쓸 나이. 2살입니다^^
237,2018-12-11T09:39:49Z,https://i.ytimg.com/vi/qYUImu29QkY/hqdefault.jpg,174307,qYUImu29QkY,[비글부부] 결혼기념일도 모르는게 당연한건가요ㅡㅡ
238,2018-12-10T08:48:01Z,https://i.ytimg.com/vi/PJFZSEy3doM/hqdefault.jpg,89655,PJFZSEy3doM,[비글부부] 하준맘 택시 타서 선물 주고 요금 따블 낸 사연은?
239,2018-12-07T09:24:07Z,https://i.ytimg.com/vi/8EJJvrRz2dw/hqdefault.jpg,85083,8EJJvrRz2dw,[비글부부] 아빠들끼리 키즈카페 보내지말까봐요.....
240,2018-12-06T09:42:03Z,https://i.ytimg.com/vi/QrSOXfDfhig/hqdefault.jpg,120643,QrSOXfDfhig,[비글부부]아빠들과 키즈카페를 가면 생기는 일 (feat.누구를 위한 나들이인가)
241,2018-11-30T04:15:00Z,https://i.ytimg.com/vi/Jn23w1B0EeI/hqdefault.jpg,175847,Jn23w1B0EeI,[비글부부]누가 미쳤냐고 좀 해주세요....(feat.4억건물 매입)
242,2018-11-27T09:44:23Z,https://i.ytimg.com/vi/3pd8a37oOiM/hqdefault.jpg,39956,3pd8a37oOiM,[비글부부] 하준파파가 부릅니다.공공장소에서 틀지 마세요....(feat.고막주의)
243,2018-11-26T09:32:42Z,https://i.ytimg.com/vi/QEmQJrbLymk/hqdefault.jpg,180802,QEmQJrbLymk,[두살인생] 326개월 아이와 놀아주는 14개월 어른ㅋㅋㅋㅋ
244,2018-11-23T09:45:01Z,https://i.ytimg.com/vi/8bSr7Gkmm_E/hqdefault.jpg,14505,8bSr7Gkmm_E,[비글부부] 일본에서 급 인친님과 정모? 하준맘의 도쿄 출장 브이로그
245,2018-11-22T09:15:00Z,https://i.ytimg.com/vi/lKe470bhmOw/hqdefault.jpg,60773,lKe470bhmOw,[비글부부] 먹는 순간 끝난다!!! 공포의 천연물감 (Feat.당근.시금치.양배추)
246,2018-11-20T10:30:00Z,https://i.ytimg.com/vi/0rYiunqoGYw/hqdefault.jpg,54525,0rYiunqoGYw,[비글부부]  우리 하준이가 왜 이러는 걸까요? 2탄 With 육아멘토 이호선 교수님
247,2018-11-19T12:14:51Z,https://i.ytimg.com/vi/GcDnl30dDcY/hqdefault.jpg,444512,GcDnl30dDcY,[두살인생] 잔소리하면서 아빠 깨우는 황하준ㅋㅋㅋㅋㅋ (#투머치토커)
248,2018-11-16T10:02:26Z,https://i.ytimg.com/vi/ShH1-V_9wzk/hqdefault.jpg,132563,ShH1-V_9wzk,[비글부부] 우리 하준이가 왜 이러는 걸까요? With 육아멘토 이호선 교수님 (feat.하준이머릿속들여다보기)
249,2018-11-15T04:26:39Z,https://i.ytimg.com/vi/kqRMDmc_Jc0/hqdefault.jpg,139406,kqRMDmc_Jc0,"(ENG) (VN) [비글부부] 하준맘의 분신, 핸드폰을 숨겼을때 반응은? #몰카후폭풍 #패션쇼뒷이야기"
250,2018-11-13T09:50:06Z,https://i.ytimg.com/vi/YobpFyBxmD4/hqdefault.jpg,77006,YobpFyBxmD4,"(ENG, VN) [비글부부] 하준파 패션센스 논란 종결 위해 도전장 내밀다. 하준맘 vs 하준파 스타일링 대결"
251,2018-11-09T12:41:49Z,https://i.ytimg.com/vi/cxCqRiNY03A/hqdefault.jpg,87663,cxCqRiNY03A,"[비글부부] 하준회장님, 비글부부와 함께하는 회사 점심시간"
252,2018-11-07T09:24:36Z,https://i.ytimg.com/vi/3a8oJeH8aDk/hqdefault.jpg,33748,3a8oJeH8aDk,[비글부부] 하준파 영화 출연하다?????! (Feat.변요한 실물)
253,2018-11-02T09:15:04Z,https://i.ytimg.com/vi/AlsHGQFyGtc/hqdefault.jpg,158487,AlsHGQFyGtc,[비글부부] 괌에서도 비글부부를 알아본다?! 정모의 현장이 된 괌 가족여행 VLOG 2탄
254,2018-10-26T09:13:18Z,https://i.ytimg.com/vi/gMapDUTv_MM/hqdefault.jpg,111249,gMapDUTv_MM,[비글부부] 하준파가 중고반지로 청혼했었다??! 진지한 얘기가 오갔던 괌 가족여행 VLOG
255,2018-10-25T11:28:49Z,https://i.ytimg.com/vi/D4XB4mBuUWM/hqdefault.jpg,101057,D4XB4mBuUWM,[비글부부] 화난 아내에게 다짜고짜 퀴즈를 내보았습니다 (feat. 하준맘친구들)
256,2018-10-22T09:45:00Z,https://i.ytimg.com/vi/0g6YdkB2pkI/hqdefault.jpg,132491,0g6YdkB2pkI,"(ENG, VN) [비글부부] 생일기념 하준파파의 자유시간 24시 (feat.하준파파 친구들 소개)"
257,2018-10-19T09:23:50Z,https://i.ytimg.com/vi/sdz3bza4KX0/hqdefault.jpg,88510,sdz3bza4KX0,[비글부부] 베이비 마사지를 글로 배웠습니다.
258,2018-10-10T09:35:59Z,https://i.ytimg.com/vi/R1zN_pA_QWc/hqdefault.jpg,47488,R1zN_pA_QWc,(ENG) (VN) [비글부부]남편이 머리 고데기를 해주면 이렇게 된다....? #인생헤어등극
259,2018-10-05T09:28:07Z,https://i.ytimg.com/vi/zo85bPrr_r8/hqdefault.jpg,63121,zo85bPrr_r8,[비글부부] 전설의 아기상어가 돌아왔다!! 엄마아빠가 더 흥폭발한 하준이 랜선 돌잔치 2탄 (+하준이 오프라인 돌잔치 영상)
260,2018-10-02T10:40:15Z,https://i.ytimg.com/vi/q3qkIFi71AY/hqdefault.jpg,44771,q3qkIFi71AY,[비글부부] 깜짝으로 등장한 사회자는 과연 누구? 하준이 돌잔치 라이브 방송 풀영상 공개!!
261,2018-09-28T10:06:31Z,https://i.ytimg.com/vi/FnliF2kmVU8/hqdefault.jpg,98156,FnliF2kmVU8,장장 1년 동안 연습했다! 하준이 레전드 애교 모음 #심쿵주의
262,2018-09-21T11:50:12Z,https://i.ytimg.com/vi/DY-2t87PrG0/hqdefault.jpg,122829,DY-2t87PrG0,[비글부부]비글부부 쿡방도전! (feat. 하준아..엄마아빠이제요리안할게)
263,2018-09-18T09:47:02Z,https://i.ytimg.com/vi/rBl1A9_h0i0/hqdefault.jpg,88346,rBl1A9_h0i0,아빠가 아들에게 보내는 편지 #하준이돌잔치 #감동주의
264,2018-09-11T12:14:09Z,https://i.ytimg.com/vi/NXX6CR--nqI/hqdefault.jpg,329575,NXX6CR--nqI,"(ENG, VN) 어젯밤 호텔룸에서 생긴일(feat.하준이없는밤)"
265,2018-09-10T12:07:36Z,https://i.ytimg.com/vi/m7XmlhbGd78/hqdefault.jpg,107782,m7XmlhbGd78,하준이 ASMR (실패)영상 feat.하준아 너만 웃어준다면 됐다
266,2018-09-06T10:28:31Z,https://i.ytimg.com/vi/YzkVrN6-gqM/hqdefault.jpg,85616,YzkVrN6-gqM,[비글부부] 뒷정리를 생각하지 못한 촉감놀이의 결말 (feat.그거슨 바로 부모의길)
267,2018-09-04T11:07:14Z,https://i.ytimg.com/vi/JHVdazAVG64/hqdefault.jpg,95712,JHVdazAVG64,[비글부부] 대판싸울생각하고 찍는 영상 (그래도 사랑한다...)
268,2018-08-28T09:57:48Z,https://i.ytimg.com/vi/G7knvSm1lUw/hqdefault.jpg,54408,G7knvSm1lUw,비글부부에게 위기가?(feat.기승전 디스곡)
269,2018-07-27T08:52:38Z,https://i.ytimg.com/vi/XQ2_0e2LlEE/hqdefault.jpg,58221,XQ2_0e2LlEE,||비글부부 VLOG|| 도쿄 여행 중 츤데레 남편의 넋두리 (feat. 쏘스윗 하준아빠)
270,2018-07-12T06:26:29Z,https://i.ytimg.com/vi/y-b0HznNZ6Y/hqdefault.jpg,258816,y-b0HznNZ6Y,[비글부부] 하준파파가 하준이 재우는 방법ㅋㅋㅋㅋㅋㅋㅋ
271,2018-06-29T10:54:18Z,https://i.ytimg.com/vi/cDpE3XLnlCs/hqdefault.jpg,107375,cDpE3XLnlCs,[비글부부] 키즈카페에서 하준이가 첫키스를?
272,2018-06-14T10:08:33Z,https://i.ytimg.com/vi/_JQGIFMnVEY/hqdefault.jpg,83675,_JQGIFMnVEY,[비글부부] 하준파파가 몸에 문신을 했다고!?????
273,2018-06-08T09:00:06Z,https://i.ytimg.com/vi/K6YwYKHTUFA/hqdefault.jpg,426139,K6YwYKHTUFA,[비글부부] 하준파파한테 안하던짓을 해보았다
274,2018-05-31T10:31:02Z,https://i.ytimg.com/vi/EZtMUD5KKXo/hqdefault.jpg,215751,EZtMUD5KKXo,[비글부부] 하준이와 비글부부의 원더윅스 극복법!!
275,2018-05-29T09:41:58Z,https://i.ytimg.com/vi/RbXsvX2-C9c/hqdefault.jpg,126490,RbXsvX2-C9c,[비글부부] 하준이와 함께한 호캉스 브이로그
276,2018-05-17T08:00:03Z,https://i.ytimg.com/vi/lsbnYqd8e-g/hqdefault.jpg,342902,lsbnYqd8e-g,(ENG) (VN) [비글부부] ※귀여움 주의※ 하준이 목욕 브이로그!ㅋㅋ (Feat.하준파파)
277,2018-05-14T06:41:56Z,https://i.ytimg.com/vi/h04pWYZtpyE/hqdefault.jpg,91534,h04pWYZtpyE,[비글부부] 하준파파의 요리교실 (하준이 마술주의ㅋㅋㅋㅋ)
278,2018-05-11T09:34:37Z,https://i.ytimg.com/vi/hIresGWBgcI/hqdefault.jpg,94553,hIresGWBgcI,[비글부부] 시아버님 주무시는데 자장가불러주기 미션ㅋㅋㅋㅋㅋㅋㅋ
279,2018-05-08T03:58:02Z,https://i.ytimg.com/vi/2ktbTawmR28/hqdefault.jpg,287327,2ktbTawmR28,[비글부부] 하준파파의 육아 브이로그 (아침일상)
280,2018-04-24T09:45:18Z,https://i.ytimg.com/vi/TE4NQsIOrCw/hqdefault.jpg,43520,TE4NQsIOrCw,[비글부부]하준맘 도시 한복판에서 소리치다!!!!!
281,2018-04-10T15:29:50Z,https://i.ytimg.com/vi/ZRmAAJhIJUw/hqdefault.jpg,98459,ZRmAAJhIJUw,[비글부부] 아기한테 엽기적으로 책 읽어주는 남편ㅋㅋㅋ계속들으면 빠져든다ㅋㅋㅋㅋ
282,2018-04-10T05:47:17Z,https://i.ytimg.com/vi/GI363qQ_rG4/hqdefault.jpg,117969,GI363qQ_rG4,[비글부부] 식물사러가자는 아내의 말에 열받은 남편 ㅋㅋㅋㅋㅋ
283,2018-04-08T12:17:24Z,https://i.ytimg.com/vi/IPhZQGc-Wm4/hqdefault.jpg,94286,IPhZQGc-Wm4,(ENG) (VN) [비글부부] 할매할배가 고향에서 하준이에게 보내는 영상편지ㅋㅋㅋㅋ*웃김주의*
284,2018-04-03T02:51:46Z,https://i.ytimg.com/vi/kj7YS0dxN3I/hqdefault.jpg,285582,kj7YS0dxN3I,"(ENG, VN) [비글부부] 말도없이 갑자기 남편과 아빠한테 화내보기 몰카ㅋㅋㅋㅋㅋ"
285,2018-03-31T08:55:13Z,https://i.ytimg.com/vi/JEs3Nxa-cO8/hqdefault.jpg,423838,JEs3Nxa-cO8,[비글부부] 엄마한테 말대꾸하며 밥투정하는 아기ㅋ
286,2018-03-30T11:34:39Z,https://i.ytimg.com/vi/PIj_PKTN9O4/hqdefault.jpg,201223,PIj_PKTN9O4,[비글부부] 아기 이유식 잘 먹이는 꿀팁. 육아고수 남편ㅋㅋㅋㅋ
287,2018-03-22T11:01:16Z,https://i.ytimg.com/vi/m-Urw0atqlU/hqdefault.jpg,63508,m-Urw0atqlU,[비글부부] 첫 정모 현장 (Feat.하준파파 이불킥)
288,2018-03-14T09:41:25Z,https://i.ytimg.com/vi/Cfkq7Vv9lJE/hqdefault.jpg,141800,Cfkq7Vv9lJE,[비글부부] 비글부부의 부부싸움법 (Feat. SMTM)
289,2018-03-14T09:37:25Z,https://i.ytimg.com/vi/RZl0oGlapuU/hqdefault.jpg,188624,RZl0oGlapuU,[비글부부] 안녕하세요 비글부부 입니다!
290,2017-10-21T07:26:23Z,https://i.ytimg.com/vi/mhWEnbv56Js/hqdefault.jpg,518791,mhWEnbv56Js,[비글부부] 태어난직후 하준이의 모습! 아들보고 감동한 남편
